date,max_temperature,avg_temperature,min_temperature,max_relative_humidity,avg_relative_humidity,min_relative_humidity,max_dew_point,avg_dew_point,min_dew_point,max_wind_speed,avg_wind_speed,min_wind_speed,max_visibility,avg_visibility,min_visibility,precipitation,rain,snow
2023-12-07,1.1,-0.55,-2.2,99,93,87,0.5,-1.1,-2.7,26,16,6,24100,12450,800,4.3,,
2023-12-06,8.7,2.84,-3,92,72.5,53,2.6,-0.2,-3.1,21,12,3,32200,21750,11300,0,0,0
2023-12-05,17,8.94,0.9,88,59.5,31,1.8,-2.7,-7.2,26,13.5,1,64400,44250,24100,0,0,0
2023-12-04,7.9,4.6,1.3,43,33.5,24,-7.5,-9.6,-11.6,32,18,4,64400,44250,24100,0,0,0
2023-12-03,3.7,-1.44,-6.6,58,44,30,-9.2,-12.3,-15.4,28,17,6,64400,40250,16100,0,0,0
2023-12-02,3.8,-1.45,-6.7,61,48,35,-9.4,-11.3,-13.3,31,17.5,4,64400,40250,16100,0,0,0
2023-12-01,0.4,-5.2,-10.8,86,62,38,-9.5,-11.6,-13.7,19,10.5,2,64400,44250,24100,0,0,0
2023-11-30,-1.4,-4.95,-8.5,81,66.5,52,-9.9,-10.9,-11.9,18,11,4,24100,19300,14500,0,0,0
2023-11-29,4.7,-0.94,-6.6,59,44.5,30,-7.5,-10.4,-13.4,27,14,1,64400,44250,24100,0,0,0
2023-11-28,7.5,2.04,-3.4,48,32.5,17,-11,-14,-17,28,14,0,64400,44250,24100,0,0,0
2023-11-27,10.2,1.99,-6.2,72,45.5,19,-7.9,-11.2,-14.4,31,17,3,64400,40250,16100,0,0,0
2023-11-26,4.7,-0.6,-5.9,83,64,45,-4.4,-7.3,-10.3,20,11.5,3,64400,40250,16100,0,0,0
2023-11-25,5.3,-0.85,-7,88,70.5,53,-1.6,-5.5,-9.5,36,18.5,1,64400,40250,16100,0,0,0
2023-11-24,4.2,-2.65,-9.5,95,63.5,32,-6.3,-9.1,-11.8,13,8,3,64400,44250,24100,0,0,0
2023-11-23,1.1,-2.7,-6.5,95,82,69,-2.5,-5,-7.5,14,8,2,64400,34200,4000,0,0,0
2023-11-22,2.8,0.04,-2.7,97,75.5,54,-1.3,-4.4,-7.5,18,9.5,1,64400,32800,1200,0.5,0,0.4
2023-11-21,15.6,6.4,-2.8,64,40.5,17,-7.7,-9.3,-11,27,15,3,64400,44250,24100,0,0,0
2023-11-20,6.3,1.7,-2.9,61,42,23,-8.3,-11.6,-14.9,35,22,9,64400,44250,24100,0,0,0
2023-11-19,13.4,5.9,-1.6,70,51,32,-2.8,-6.3,-9.8,35,18,1,64400,40250,16100,0,0,0
2023-11-18,11.1,4.25,-2.6,74,53,32,-2.3,-4.5,-6.6,35,18.5,2,64400,44250,24100,0,0,0
2023-11-17,15.4,9.5,3.6,57,42.5,28,-1.2,-2.9,-4.6,32,17.5,3,64400,44250,24100,0,0,0
2023-11-16,8.3,-0.94,-10.2,98,70.5,43,-3.5,-7,-10.6,27,15.5,4,64400,36250,8100,0,0,0
2023-11-15,3.7,-0.94,-5.6,97,61,25,-3,-9.2,-15.3,34,18.5,3,64400,33200,2000,2.2,0,4.8
2023-11-14,6.4,1,-4.4,48,33.5,19,-11,-13.6,-16.2,42,22,2,64400,44250,24100,0,0,0
2023-11-13,13.9,4.84,-4.2,76,50.5,25,-1.8,-6.7,-11.5,25,14,3,64400,40250,16100,0,0,0
2023-11-12,8.6,2.8,-3,70,44.5,19,-7.4,-11.1,-14.7,27,14,1,64400,40250,16100,0,0,0
2023-11-11,12.4,3.65,-5.1,72,48,24,-5.2,-7.5,-9.8,45,22.5,0,64400,40250,16100,0,0,0
2023-11-10,8.6,2.65,-3.3,76,50,24,-6,-8.7,-11.4,32,18.5,5,64400,40250,16100,0,0,0
2023-11-09,7,0.54,-5.9,79,54.5,30,-3.9,-6.8,-9.7,18,9.5,1,64400,40250,16100,0,0,0
2023-11-08,8.2,0.94,-6.3,89,57,25,-3.7,-8,-12.3,22,11.5,1,64400,44250,24100,0,0,0
2023-11-07,9.4,4.3,-0.8,92,64,36,0,-2.8,-5.5,24,12.5,1,64400,40250,16100,0,0,0
2023-11-06,9.1,2.54,-4,93,64,35,-0.8,-3.5,-6.2,19,10,1,64400,38650,12900,0,0,0
2023-11-05,13.5,8.05,2.6,71,49,27,-0.5,-3.6,-6.7,30,15,0,64400,40250,16100,0,0,0
2023-11-04,12.3,5.65,-1,85,62.5,40,1,-1.2,-3.5,23,12.5,2,64400,37850,11300,0,0,0
2023-11-03,11.3,4.15,-3,98,73,48,2.4,-0.6,-3.5,16,8.5,1,64400,33400,2400,0,0,0
2023-11-02,4.5,1.75,-1,100,75.5,51,0.3,-2.6,-5.5,28,14.5,1,24100,13050,2000,0.7,0.7,0
2023-11-01,5.7,0,-5.7,85,66.5,48,-3.7,-6,-8.4,11,6,1,24100,15250,6400,0,0,0
2023-10-31,8,2.1,-3.8,78,55.5,33,-4.4,-6.4,-8.4,11,6,1,64400,44250,24100,0,0,0
2023-10-30,3.4,-0.3,-4,74,60,46,-4.6,-7.2,-9.8,17,10.5,4,64400,40250,16100,0,0,0
2023-10-29,2.2,-3.9,-10,85,66,47,-5.8,-8.7,-11.5,13,7,1,64400,38650,12900,0,0,0
2023-10-28,-0.2,-4.3,-8.4,75,63,51,-5.1,-9.6,-14.1,31,17,3,48300,30600,12900,0,0,0
2023-10-27,-2.8,-7.19,-11.6,85,66,47,-8.2,-11.2,-14.1,18,9.5,1,48300,24650,1000,1.2,0,1.2
2023-10-26,-6.8,-11.85,-16.9,87,80.5,74,-9.7,-14,-18.3,22,12.5,3,24100,13850,3600,0.4,0,0.4
2023-10-25,-8.6,-12.6,-16.6,90,77,64,-12.4,-15.7,-18.9,14,7.5,1,24100,12850,1600,0,0,0
2023-10-24,-6.9,-9.69,-12.5,91,85.5,80,-9.6,-11.3,-13,28,16,4,24100,12550,1000,2.8,0,5.2
2023-10-23,1.7,-2.85,-7.4,98,93.5,89,-0.5,-4.7,-8.8,31,22.5,14,8100,4550,1000,10,0.8,9.2
2023-10-22,5.3,3.3,1.3,88,75.5,63,1,-0.5,-2,21,12.5,4,24100,16900,9700,0,0,0
2023-10-21,9.8,5.2,0.6,90,72.5,55,1.6,0.2,-1.3,27,14,1,64400,37850,11300,0,0,0
2023-10-20,12.1,7.05,2,93,67.5,42,2.8,1,-0.9,21,11,1,64400,44250,24100,0,0,0
2023-10-19,21.6,13.35,5.1,81,53.5,26,5.7,2.5,-0.8,43,22.5,2,64400,44250,24100,0,0,0
2023-10-18,20.1,12.75,5.4,76,54,32,4,2.1,0.3,36,20,4,64400,40250,16100,0.2,0.2,0
2023-10-17,15.9,11.25,6.6,89,65,41,7.1,3,-1,34,18.5,3,64400,36250,8100,9.3,9.3,0
2023-10-16,12.6,7.55,2.5,78,66.5,55,5.9,2.2,-1.4,14,7.5,1,24100,20100,16100,0,0,0
2023-10-15,18.5,11.25,4,90,58,26,4.5,1.1,-2.2,31,18,5,24100,24100,24100,0,0,0
2023-10-14,13.3,7.75,2.2,100,83.5,67,7.1,4.8,2.6,22,13.5,5,24100,12150,200,0,0,0
2023-10-13,9.7,6.6,3.5,100,91,82,6.7,5.3,3.9,34,22.5,11,24100,12150,200,0,0,0
2023-10-12,9.4,7.4,5.4,100,89.5,79,6.9,6.2,5.4,28,17,6,24100,12850,1600,4.6,4.6,0
2023-10-11,10.6,7.75,4.9,91,76.5,62,6.9,4,1.2,23,12.5,2,24100,16100,8100,7.9,7.9,0
2023-10-10,21,15,9,57,43.5,30,4,0.9,-2.2,27,14.5,2,24100,24100,24100,0,0,0
2023-10-09,25.2,15.39,5.6,69,41,13,2.5,-1.1,-4.7,21,12,3,24100,24100,24100,0,0,0
2023-10-08,25.8,14.65,3.5,74,45,16,2.1,0,-2.1,14,7.5,1,64400,44250,24100,0,0,0
2023-10-07,23.3,14.45,5.6,64,44,24,2.6,0.8,-0.9,22,12,2,64400,44250,24100,0,0,0
2023-10-06,20.8,9.95,-0.9,69,47,25,0.9,-2.8,-6.4,16,11.5,7,64400,44250,24100,0,0,0
2023-10-05,10.2,5.69,1.2,88,59,30,0.4,-4,-8.3,25,14.5,4,64400,44250,24100,0,0,0
2023-10-04,13.1,8.35,3.6,76,57.5,39,3.5,1.4,-0.6,38,19.5,1,64400,40250,16100,0,0,0
2023-10-03,15.1,8.15,1.2,85,63.5,42,3.1,1.4,-0.3,13,7.5,2,64400,44250,24100,0,0,0
2023-10-02,18,9.75,1.5,100,66.5,33,3.9,2,0.2,17,10.5,4,64400,32300,200,0,0,0
2023-10-01,12.5,7.9,3.3,98,76.5,55,4.2,3.1,2,26,13.5,1,64400,33800,3200,0.4,0.4,0
2023-09-30,6.1,4.8,3.5,97,89.5,82,4.3,3.2,2.1,26,17.5,9,14500,9250,4000,4.8,4.8,0
2023-09-29,14.3,6.85,-0.6,92,66,40,4.6,1.1,-2.5,29,16,3,64400,35400,6400,0,0,0
2023-09-28,15.9,9.9,3.9,70,50,30,2.9,0,-2.9,29,16,3,64400,37850,11300,0.5,0.5,0
2023-09-27,16.1,12.15,8.2,64,46.5,29,2.3,-0.2,-2.6,29,16,3,64400,44250,24100,0,0,0
2023-09-26,21.4,15.39,9.4,56,39,22,2.6,0.7,-1.2,31,18,5,24100,24100,24100,0,0,0
2023-09-25,20.2,12.39,4.6,72,50,28,4.4,2.6,0.8,31,17.5,4,32200,20150,8100,0,0,0
2023-09-24,20.1,13.75,7.4,56,39.5,23,2.2,-0.1,-2.4,24,13.5,3,24100,18500,12900,0,0,0
2023-09-23,21.8,14.75,7.7,100,65,30,9.9,5,0,39,23,7,48300,24250,200,0,0,0
2023-09-22,20.1,11.35,2.6,83,62,41,7.7,4.1,0.5,25,15,5,64400,44250,24100,0,0,0
2023-09-21,15.6,9.15,2.7,87,63,39,3.5,2.4,1.2,21,11,1,32200,28150,24100,0,0,0
2023-09-20,8.9,6.7,4.5,86,74.5,63,4.7,3.1,1.6,35,22,9,64400,39450,14500,0.3,0.3,0
2023-09-19,13.1,9.05,5,81,60,39,7,2,-3,29,15.5,2,64400,37050,9700,2.5,2.5,0
2023-09-18,20.5,14.7,8.9,81,53,25,7.2,3.2,-0.8,45,23,1,24100,15250,6400,1.8,1.8,0
2023-09-17,26.1,17.6,9.1,45,31,17,3.2,-1,-5.3,26,14,2,24100,20100,16100,0,0,0
2023-09-16,28.7,19.6,10.5,33,21.5,10,1.6,-2.5,-6.5,25,14,3,64400,40250,16100,0,0,0
2023-09-15,25.7,14.7,3.7,74,46,18,4.2,1.4,-1.5,17,9,1,64400,40250,16100,0,0,0
2023-09-14,20.3,13.2,6.1,77,50.5,24,6.5,2.8,-1,18,9.5,1,64400,44250,24100,0,0,0
2023-09-13,20.9,15.8,10.7,76,58,40,8.9,7.5,6.1,22,12,2,64400,44250,24100,0,0,0
2023-09-12,23.9,18.64,13.4,70,51,32,9.4,6.4,3.4,20,10.5,1,24100,24100,24100,0.4,0.4,0
2023-09-11,24.5,15.65,6.8,79,52,25,6.4,4.7,3,20,13,6,24100,18500,12900,0,0,0
2023-09-10,22.1,14.25,6.4,86,58,30,7.9,5.5,3,32,20.5,9,48300,36200,24100,0,0,0
2023-09-09,21.2,14,6.8,90,60.5,31,7.3,5.4,3.5,26,13.5,1,48300,32200,16100,0,0,0
2023-09-08,18.1,12.65,7.2,81,61,41,7.2,5.5,3.8,15,8,1,48300,36200,24100,0,0,0
2023-09-07,19.2,12.3,5.4,88,64.5,41,6.6,5.2,3.9,18,9.5,1,32200,25750,19300,0,0,0
2023-09-06,16.6,12.45,8.3,88,70.5,53,8.5,6.5,4.4,30,15.5,1,24100,15250,6400,1.7,1.7,0
2023-09-05,22.2,15.14,8.1,89,62.5,36,8.9,6.8,4.7,39,24.5,10,24100,13250,2400,0.2,0.2,0
2023-09-04,11.9,10.15,8.4,96,83.5,71,8.5,7.5,6.5,19,11.5,4,8100,4850,1600,6.6,6.6,0
2023-09-03,21.4,15.85,10.3,82,63,44,9.5,7.9,6.3,40,22,4,16100,10050,4000,0,0,0
2023-09-02,27.6,20.5,13.4,59,42,25,8.4,6.2,4.1,28,15,2,48300,32200,16100,0,0,0
2023-09-01,24,18.89,13.8,76,58.5,41,10.7,9.6,8.4,28,15.5,3,19300,13700,8100,0,0,0
2023-08-31,19,16.35,13.7,88,70.5,53,12.9,10.1,7.2,40,20.5,1,19300,12050,4800,26.1,26.1,0
2023-08-30,23.6,18.35,13.1,73,59.5,46,13.6,9.4,5.3,39,23,7,19300,14500,9700,0.3,0.3,0
2023-08-29,31.2,21.35,11.5,69,42,15,7.5,4.3,1.1,27,13.5,0,32200,20150,8100,0,0,0
2023-08-28,30.8,21.25,11.7,73,45.5,18,8.2,6,3.8,16,8,0,24100,16100,8100,0,0,0
2023-08-27,27.7,19.8,11.9,75,49,23,8.7,6.2,3.8,13,7,1,24100,15250,6400,0,0,0
2023-08-26,27.3,19.35,11.4,75,49.5,24,9.7,7,4.3,17,9,1,32200,23350,14500,0,0,0
2023-08-25,23,15.7,8.4,89,64,39,11,9,7,31,17,3,19300,13700,8100,0,0,0
2023-08-24,18.6,12.9,7.2,86,67,48,9.8,5,0.3,38,20,2,32200,20950,9700,0,0,0
2023-08-23,22.8,17.8,12.8,100,60,20,13.9,6,-1.9,35,18,1,24100,13250,2400,1.3,1.3,0
2023-08-22,19.8,16.45,13.1,100,85,70,14.7,13.8,12.9,26,15,4,24100,12650,1200,4.6,4.6,0
2023-08-21,18,12.8,7.6,92,77.5,63,13.5,9.3,5.2,17,9,1,14500,10450,6400,0.7,0.7,0
2023-08-20,20,12.6,5.2,77,57.5,38,6.2,4.2,2.1,29,15,1,12900,9650,6400,0,0,0
2023-08-19,16.8,11.3,5.8,84,58,32,3.8,1.8,-0.1,21,12,3,24100,15250,6400,0.2,0.2,0
2023-08-18,27.6,17.15,6.7,96,75,54,12.4,7.8,3.3,47,26,5,24100,15250,6400,2.2,2.2,0
2023-08-17,33.8,23.65,13.5,68,43,18,10.2,7.8,5.3,21,11,1,19300,11650,4000,0,0,0
2023-08-16,28,20.9,13.8,72,50.5,29,11,9.3,7.7,23,12.5,2,19300,16900,14500,0,0,0
2023-08-15,33.4,24.15,14.9,78,46.5,15,12.4,8.1,3.8,27,15,3,32200,22550,12900,0,0,0
2023-08-14,33,23.15,13.3,67,43,19,11.2,8.3,5.5,22,11.5,1,64400,44250,24100,0,0,0
2023-08-13,28.6,19,9.4,88,57,26,9.3,8.1,6.8,15,7.5,0,64400,44250,24100,0,0,0
2023-08-12,22.6,17.75,12.9,83,59,35,11.2,8.5,5.8,41,21,1,48300,27350,6400,4.2,4.2,0
2023-08-11,23.7,15.85,8,72,49,26,7.9,5.1,2.3,20,10.5,1,64400,44250,24100,0,0,0
2023-08-10,24.5,17.8,11.1,89,59.5,30,11.1,7.7,4.2,50,26,2,64400,44250,24100,0.2,0.2,0
2023-08-09,25.3,19.3,13.3,99,67.5,36,14.6,10.6,6.6,32,17,2,24100,13250,2400,0,0,0
2023-08-08,25.1,19.25,13.4,89,63.5,38,13.7,11.5,9.3,34,17.5,1,24100,15250,6400,2.7,2.7,0
2023-08-07,26.5,18.6,10.7,86,58.5,31,12.8,9.8,6.8,28,15.5,3,24100,16100,8100,8.2,8.2,0
2023-08-06,27.5,19.5,11.5,73,49.5,26,9.4,6.9,4.4,30,15.5,1,24100,16100,8100,0,0,0
2023-08-05,23.5,18.14,12.8,80,58.5,37,11.7,9.8,8,17,9.5,2,24100,19300,14500,0,0,0
2023-08-04,25.9,20.35,14.8,79,54.5,30,12.1,8.8,5.5,25,15,5,24100,16100,8100,0,0,0
2023-08-03,23.6,18.8,14,85,66,47,11.8,11.3,10.8,35,23.5,12,19300,14500,9700,0,0,0
2023-08-02,30,20.25,10.5,83,50,17,9.8,6.2,2.6,20,11,2,24100,20100,16100,0,0,0
2023-08-01,27.2,19.64,12.1,89,57,25,12.3,8.1,3.9,19,13.5,8,24100,18500,12900,0,0,0
2023-07-31,28.3,20.2,12.1,78,48.5,19,12.5,7.2,1.8,22,11.5,1,24100,18500,12900,0,0,0
2023-07-30,31.9,21.75,11.6,79,49.5,20,12.9,8.2,3.4,30,16,2,24100,17700,11300,0.4,0.4,0
2023-07-29,25.1,17.5,9.9,98,69,40,11.8,10.7,9.6,21,14,7,32200,21750,11300,0,0,0
2023-07-28,14.4,11.9,9.4,98,88,78,11.7,10.2,8.7,20,14,8,24100,13850,3600,5.8,5.8,0
2023-07-27,19.1,14.35,9.6,96,74,52,10.7,8.8,6.8,27,15.5,4,48300,29000,9700,4,4,0
2023-07-26,23.9,17.29,10.7,79,50.5,22,8.2,3.5,-1.2,34,17.5,1,48300,36200,24100,0,0,0
2023-07-25,25.9,19.5,13.1,80,50,20,11.5,5.3,-0.8,46,24.5,3,24100,17700,11300,0,0,0
2023-07-24,35.1,25.05,15,93,53,13,14.9,7.8,0.8,33,18,3,24100,14050,4000,0,0,0
2023-07-23,29.3,22.35,15.4,87,58,29,15.1,12.2,9.3,35,19,3,24100,14450,4800,0,0,0
2023-07-22,31,22.6,14.2,76,49.5,23,14.9,10.8,6.7,17,9.5,2,32200,24150,16100,0,0,0
2023-07-21,29.6,20.8,12,78,53.5,29,12.7,10.6,8.5,18,9.5,1,24100,19300,14500,1.5,1.5,0
2023-07-20,27.4,19.2,11,80,55,30,10.9,9.2,7.5,19,10.5,2,24100,19300,14500,0,0,0
2023-07-19,23.8,17,10.2,85,60.5,36,9.7,8.2,6.8,22,11.5,1,19300,12850,6400,0,0,0
2023-07-18,22.6,15.6,8.6,80,58.5,37,9.8,6.2,2.6,24,13.5,3,32200,24150,16100,0,0,0
2023-07-17,21.8,16.1,10.4,84,71.5,59,13.6,10.7,7.7,36,19.5,3,32200,17500,2800,6.5,6.5,0
2023-07-16,26.5,20,13.5,84,60.5,37,14.3,12.1,9.9,34,18.5,3,9700,6250,2800,0,0,0
2023-07-15,25.2,19.14,13.1,86,62,38,13.9,11.7,9.4,21,11,1,9700,7250,4800,5,5,0
2023-07-14,22.9,18.04,13.2,75,58.5,42,12.8,10.8,8.7,23,12.5,2,9700,7250,4800,0.2,0.2,0
2023-07-13,22.3,18.2,14.1,70,57,44,11.4,9.6,7.7,27,14,1,24100,14450,4800,0,0,0
2023-07-12,23.2,17.7,12.2,95,70,45,12.7,10.3,8,35,18,1,32200,20950,9700,0,0,0
2023-07-11,19.6,16.14,12.7,96,79,62,13.9,12.6,11.2,24,13,2,32200,20950,9700,1.6,1.6,0
2023-07-10,27.1,19.89,12.7,93,65.5,38,13.5,11.8,10,39,20,1,24100,16900,9700,2.4,2.4,0
2023-07-09,29.9,21,12.1,69,48,27,11.1,9.3,7.5,50,25.5,1,24100,17700,11300,4,4,0
2023-07-08,26.8,18.55,10.3,82,55,28,10,8.1,6.1,16,8.5,1,24100,18500,12900,0,0,0
2023-07-07,23.7,17.89,12.1,86,63.5,41,11.8,9.7,7.6,21,11,1,24100,18500,12900,0,0,0
2023-07-06,24.1,18.55,13,86,62,38,10.7,8.2,5.8,34,18.5,3,24100,16100,8100,2.4,2.4,0
2023-07-05,24.4,16.2,8,88,56,24,8.1,4.3,0.6,20,11,2,48300,36200,24100,0,0,0
2023-07-04,20,13.35,6.7,81,59,37,9.6,6.8,4,26,14,2,32200,23350,14500,8.5,8.5,0
2023-07-03,19.4,13.3,7.2,77,53.5,30,6.7,3.5,0.4,42,25.5,9,48300,29800,11300,0,0,0
2023-07-02,19.9,14.05,8.2,71,51.5,32,6.6,4.1,1.6,37,22,7,64400,37850,11300,0.6,0.6,0
2023-07-01,30.2,21.85,13.5,87,52.5,18,15.4,8.9,2.5,54,29,4,48300,30600,12900,0,0,0
2023-06-30,27.6,21.65,15.7,84,58.5,33,14.2,11.9,9.7,22,12.5,3,32200,24150,16100,0,0,0
2023-06-29,28.4,20,11.6,87,58,29,14.7,10.8,6.9,34,18,2,32200,23350,14500,2.4,2.4,0
2023-06-28,26.8,18.8,10.8,79,58,37,13.3,10.6,7.9,27,15.5,4,32200,24150,16100,1.8,1.8,0
2023-06-27,26.2,18.8,11.4,82,57,32,10.8,8.6,6.4,39,21,3,48300,33800,19300,1.4,1.4,0
2023-06-26,24.9,17.89,10.9,84,59,34,10.7,8.5,6.3,17,10,3,32200,24150,16100,0,0,0
2023-06-25,20.7,15.45,10.2,70,55,40,10.4,7.5,4.6,48,25.5,3,64400,40250,16100,0,0,0
2023-06-24,25.3,17.39,9.5,74,48.5,23,8.9,5.5,2,37,20,3,48300,29800,11300,0,0,0
2023-06-23,23,14.9,6.8,78,53,28,6.9,4.7,2.5,32,16.5,1,48300,32200,16100,0,0,0
2023-06-22,20.2,12.05,3.9,87,59,31,4.2,2,-0.2,32,17.5,3,64400,41850,19300,0,0,0
2023-06-21,17.1,11,4.9,87,59.5,32,6.6,2.5,-1.5,33,18,3,64400,41850,19300,3.8,3.8,0
2023-06-20,7.5,6.35,5.2,90,84.5,79,5,4,3.1,41,25,9,24100,15250,6400,14,14,0
2023-06-19,14.3,10.05,5.8,100,68,36,6.7,2.7,-1.3,37,20,3,64400,34200,4000,2.5,2.5,0
2023-06-18,13,10.6,8.2,98,78,58,9.6,6.2,2.7,32,17.5,3,24100,13450,2800,1.2,1.2,0
2023-06-17,23.2,16.3,9.4,80,57.5,35,7.9,5.6,3.3,32,16.5,1,32200,21750,11300,0,0,0
2023-06-16,25.3,16.55,7.8,75,49,23,5.5,3.8,2.2,32,19,6,32200,20150,8100,0,0,0
2023-06-15,18,12.1,6.2,89,63.5,38,5.5,4.2,2.8,49,28,7,11300,8050,4800,10.2,10.2,0
2023-06-14,16.7,11.35,6,94,80,66,12.4,8,3.5,47,29,11,24100,13650,3200,27,27,0
2023-06-13,30,22.25,14.5,67,46,25,12,9.2,6.4,27,16,5,24100,17700,11300,5.8,5.8,0
2023-06-12,27.1,20.7,14.3,74,54,34,10.2,9.4,8.6,18,11,4,19300,12850,6400,0,0,0
2023-06-11,23.1,19,14.9,75,63,51,12.2,10.7,9.2,32,19,6,24100,13450,2800,0,0,0
2023-06-10,27.5,19,10.5,80,56.5,33,12.2,9.5,6.8,37,20,3,32200,20950,9700,0,0,0
2023-06-09,27.8,20.3,12.8,61,42.5,24,10.8,7.5,4.2,31,16.5,2,24100,16900,9700,0,0,0
2023-06-08,29.9,20.25,10.6,64,40.5,17,7.7,4.7,1.7,24,12,0,48300,33800,19300,0,0,0
2023-06-07,29.3,19.75,10.2,77,47,17,7.9,4.7,1.5,22,12.5,3,32200,25750,19300,0,0,0
2023-06-06,23.2,16.2,9.2,67,45,23,6.1,0.8,-4.5,45,24.5,4,32200,22550,12900,0,0,0
2023-06-05,25.4,19.14,12.9,76,54,32,10.2,7.2,4.2,47,24.5,2,24100,17700,11300,0,0,0
2023-06-04,29.2,20.05,10.9,86,53.5,21,10.6,7.7,4.8,34,17,0,32200,19300,6400,0,0,0
2023-06-03,24.3,16.5,8.7,79,54.5,30,10.7,8,5.2,26,14,2,24100,18500,12900,0,0,0
2023-06-02,21.5,12.75,4,94,66,38,7.2,5.5,3.7,18,10.5,3,32200,24150,16100,0,0,0
2023-06-01,13.1,10.3,7.5,83,78,73,8.8,6.9,5,36,20,4,24100,21700,19300,0,0,0
2023-05-31,24.7,17.3,9.9,83,54,25,10.5,6,1.4,31,17.5,4,32200,25750,19300,0,0,0
2023-05-30,25.1,18.35,11.6,68,45,22,8.7,4.5,0.3,19,10.5,2,24100,18500,12900,0.2,0.2,0
2023-05-29,25.6,17.75,9.9,83,52,21,9.2,5,0.7,31,17.5,4,32200,22550,12900,0,0,0
2023-05-28,25.7,16.89,8.1,85,55,25,10.6,7,3.5,32,18.5,5,32200,21750,11300,0.8,0,0.8
2023-05-27,23.9,15.64,7.4,75,53.5,32,10.2,6.8,3.5,24,12.5,1,32200,22550,12900,0,0,0
2023-05-26,21.5,13.1,4.7,83,55,27,5.8,3.5,1.3,18,9.5,1,19300,15300,11300,0,0,0
2023-05-25,17.8,13.75,9.7,68,55,42,5.1,4,2.8,29,17,5,24100,19300,14500,0,0,0
2023-05-24,19.7,13.6,7.5,85,60,35,6.6,4.3,2,25,13.5,2,48300,33800,19300,0,0,0
2023-05-23,21.5,13.85,6.2,95,59.5,24,7.3,3.2,-0.8,23,14,5,64400,41850,19300,0.2,0.2,0
2023-05-22,22.7,16.14,9.6,87,63,39,10.1,8.1,6,26,14,2,32200,17100,2000,18.3,18.3,0
2023-05-21,28,19.39,10.8,71,46,21,6.8,4.8,2.8,21,11.5,2,24100,13050,2000,0,0,0
2023-05-20,27.4,19.39,11.4,64,41.5,19,6.9,3.8,0.8,26,13,0,11300,6250,1200,0,0,0
2023-05-19,29.7,18.05,6.4,70,42,14,6.7,2.8,-1,41,23,5,24100,16100,8100,0,0,0
2023-05-18,20.6,12.05,3.5,71,48,25,1.4,-0.2,-1.8,28,14.5,1,16100,10450,4800,0,0,0
2023-05-17,19.2,14,8.8,66,45,24,4.6,0.8,-2.9,25,14.5,4,14500,8850,3200,0,0,0
2023-05-16,20.5,16.35,12.2,61,42.5,24,6.7,2.1,-2.4,48,25.5,3,24100,12450,800,0,0,0
2023-05-15,27.1,18.25,9.4,85,55,25,8.8,7,5.2,31,19.5,8,64400,44250,24100,0,0,0
2023-05-14,22.4,15.35,8.3,72,50.5,29,7.8,5.1,2.4,37,24,11,48300,32200,16100,0,0,0
2023-05-13,23.6,15.25,6.9,73,49.5,26,4.6,3.4,2.1,31,16,1,48300,32200,16100,0,0,0
2023-05-12,21.2,12.3,3.4,90,59,28,6,3.2,0.5,18,10,2,64400,40250,16100,0,0,0
2023-05-11,19.4,11.2,3,92,63,34,6.1,3.5,0.8,26,13.5,1,64400,41850,19300,0.8,0.8,0
2023-05-10,14.7,10.7,6.7,85,69,53,6.5,5.2,3.8,14,7.5,1,32200,25750,19300,0,0,0
2023-05-09,14.5,10.6,6.7,81,66,51,7.3,5.5,3.8,28,16,4,24100,16100,8100,0,0,0
2023-05-08,13.8,10.35,6.9,96,77.5,59,7.8,6.4,5,24,13,2,24100,15250,6400,8.7,8.7,0
2023-05-07,17.2,10.95,4.7,90,64,38,5.4,3.5,1.7,24,14,4,24100,16900,9700,0.6,0.6,0
2023-05-06,12.2,8.1,4,89,67.5,46,5.6,1.4,-2.9,23,13.5,4,48300,29800,11300,0.8,0.8,0
2023-05-05,23.7,15.25,6.8,59,38,17,0.6,-1.2,-2.9,35,18.5,2,32200,28150,24100,0,0,0
2023-05-04,27.6,17.55,7.5,62,40,18,4.1,0.5,-3.1,33,18,3,32200,25750,19300,0,0,0
2023-05-03,27.3,16.14,5,67,41,15,3.1,0,-3,29,15.5,2,32200,25750,19300,0,0,0
2023-05-02,24.8,15.9,7,60,40,20,3.5,0.8,-1.8,27,16,5,32200,22550,12900,0,0,0
2023-05-01,25.9,16.34,6.8,64,41,18,3.6,1.1,-1.5,31,19.5,8,24100,19300,14500,0,0,0
2023-04-30,24.1,14,3.9,63,41.5,20,1.7,-1.1,-3.9,27,17,7,64400,40250,16100,0,0,0
2023-04-29,21.7,11.95,2.2,67,45.5,24,0.8,-0.8,-2.5,36,18.5,1,64400,44250,24100,0,0,0
2023-04-28,20.7,12.45,4.2,47,35.5,24,0.5,-2.5,-5.5,25,14,3,64400,41850,19300,0,0,0
2023-04-27,14.9,7.8,0.7,97,59,21,2.7,-2.5,-7.8,36,21.5,7,64400,35400,6400,3,2.2,0.8
2023-04-26,18,8.6,-0.8,85,55,25,2,-0.9,-3.9,43,23,3,64400,41850,19300,0,0,0
2023-04-25,15.6,8.5,1.4,87,53.5,20,1.1,-3.5,-8,33,18,3,64400,44250,24100,0,0,0
2023-04-24,15.4,9.19,3,65,47.5,30,2.1,-0.4,-2.8,24,12.5,1,64400,37850,11300,0,0,0
2023-04-23,15.7,6.6,-2.5,79,51.5,24,-1.8,-4,-6.2,28,15.5,3,64400,40250,16100,0,0,0
2023-04-22,11.6,3.2,-5.2,89,57,25,-3.6,-6.2,-8.7,27,17,7,64400,40250,16100,0,0,0
2023-04-21,0.1,-1.85,-3.8,92,79.5,67,-3.8,-5.2,-6.5,21,14.5,8,24100,13850,3600,1.4,0,1.4
2023-04-20,2,-0.89,-3.8,96,82,68,-2.9,-4.8,-6.6,23,12,1,24100,13050,2000,0.5,0,0.5
2023-04-19,6.4,2.2,-2,100,75,50,-0.8,-3.4,-6,25,13,1,32200,16400,600,0,0,0
2023-04-18,11.9,2,-7.9,55,32.5,10,-6.2,-13,-19.8,27,14,1,64400,44250,24100,0,0,0
2023-04-17,9.4,3.2,-3,65,38.5,12,0.1,-10.4,-20.9,49,27,5,64400,40250,16100,0,0,0
2023-04-16,16.9,9.35,1.8,57,38.5,20,-0.4,-4,-7.7,31,17,3,64400,37850,11300,0,0,0
2023-04-15,12.9,4.3,-4.3,83,51,19,-4.4,-8.2,-12,18,11.5,5,64400,44250,24100,0,0,0
2023-04-14,8.7,1.09,-6.5,87,61,35,-1.2,-4.2,-7.3,28,14.5,1,64400,40250,16100,0,0,0
2023-04-13,8,1.25,-5.5,97,66.5,36,-1.2,-4.1,-7,17,9,1,64400,36250,8100,0,0,0
2023-04-12,7.3,1.19,-4.9,91,65.5,40,-1.1,-4.2,-7.2,22,12,2,32200,18500,4800,1,0,1
2023-04-11,7.9,3.55,-0.8,88,73,58,0.7,-2.1,-4.9,36,19,2,64400,38650,12900,0.2,0.2,0
2023-04-10,13.5,7.6,1.7,77,55.5,34,0.3,-3.2,-6.8,26,14.5,3,64400,38650,12900,0,0,0
2023-04-09,18.4,10.39,2.4,44,33.5,23,-1.2,-4.3,-7.5,29,16,3,64400,44250,24100,0,0,0
2023-04-08,14,7.8,1.6,55,39,23,-3.6,-5.5,-7.4,31,17,3,64400,40250,16100,0,0,0
2023-04-07,17.4,6.79,-3.8,88,56,24,-1.2,-2.9,-4.5,26,13.5,1,64400,44250,24100,0,0,0
2023-04-06,8.4,1.35,-5.7,88,57.5,27,-2.1,-6.5,-11,28,14.5,1,64400,44250,24100,0,0,0
2023-04-05,5,-1.84,-8.7,97,59.5,22,-5.6,-10.9,-16.2,26,13.5,1,64400,33200,2000,0,0,0
2023-04-04,1.4,-2.9,-7.2,100,72.5,45,-5.1,-7.7,-10.2,23,14,5,24100,12250,400,0,0,0
2023-04-03,1.8,-1.5,-4.8,90,71,52,-4.5,-6.2,-7.8,22,14.5,7,19300,12850,6400,0,0,0
2023-04-02,4.4,1.45,-1.5,81,57.5,34,-2.7,-7,-11.4,36,20,4,24100,16100,8100,0,0,0
2023-04-01,8.2,4.39,0.6,81,52.5,24,-2.2,-7.5,-12.7,18,10.5,3,64400,36250,8100,0,0,0
2023-03-31,11.8,2.65,-6.5,97,58.5,20,-5.5,-8.7,-11.9,28,16.5,5,64400,36250,8100,0,0,0
2023-03-30,2.1,-1.74,-5.6,99,78,57,-2.3,-4.5,-6.7,32,17,2,32200,16100,0,0,0,0
2023-03-29,6.7,-1.4,-9.5,90,60,30,-3.7,-7.6,-11.5,23,13.5,4,64400,40250,16100,0,0,0
2023-03-28,-0.9,-6.15,-11.4,84,65,46,-9,-11.2,-13.5,18,9.5,1,64400,44250,24100,0,0,0
2023-03-27,-3,-5.95,-8.9,90,71.5,53,-5.8,-8.8,-11.9,24,13.5,3,24100,12650,1200,2.2,0,3
2023-03-26,0.7,-1.9,-4.5,87,71,55,-4,-6.6,-9.2,21,11,1,24100,16100,8100,0,0,0
2023-03-25,4.8,-1.45,-7.7,98,77.5,57,-1.8,-4.8,-7.9,21,12.5,4,32200,16700,1200,0,0,0
2023-03-24,3.1,-1.55,-6.2,89,66.5,44,-5.2,-8,-10.8,40,22,4,48300,28200,8100,0,0,0
2023-03-23,7.8,0.75,-6.3,72,46,20,-6.4,-10.8,-15.1,21,11.5,2,64400,44250,24100,0,0,0
2023-03-22,8.3,-0.5,-9.3,85,55.5,26,-2.3,-7.6,-12.9,19,13,7,64400,44250,24100,0,0,0
2023-03-21,-0.9,-4.5,-8.1,76,67,58,-7.5,-9.7,-11.8,25,13,1,48300,29000,9700,0,0,0
2023-03-20,2.6,-3.4,-9.4,77,58.5,40,-7.5,-10.1,-12.7,18,10,2,24100,20100,16100,0,0,0
2023-03-19,4.7,-2.15,-9,75,53.5,32,-8.9,-11.3,-13.7,14,7.5,1,24100,19300,14500,0,0,0
2023-03-18,4.1,-2.45,-9,85,56,27,-8.1,-10.9,-13.7,19,10,1,32200,24150,16100,0,0,0
2023-03-17,2.4,-4.34,-11.1,83,59.5,36,-5.3,-10,-14.7,28,14.5,1,64400,44250,24100,0,0,0
2023-03-16,1.8,-3.6,-9,74,52,30,-8.5,-11.7,-14.8,16,10,4,64400,44250,24100,0,0,0
2023-03-15,0.8,-6.19,-13.2,89,62.5,36,-8,-11.8,-15.7,18,9.5,1,64400,44250,24100,0,0,0
2023-03-14,1.5,-4.75,-11,87,67,47,-6.2,-10,-13.8,36,18.5,1,64400,33800,3200,0.4,0,0.4
2023-03-13,-1.1,-8.95,-16.8,89,78,67,-6.1,-12.5,-18.9,32,17.5,3,16100,10050,4000,0,0,0
2023-03-12,-11.4,-14.45,-17.5,87,80.5,74,-13.7,-16.4,-19.1,16,10,4,16100,8450,800,0,0,0
2023-03-11,-10.1,-13.6,-17.1,88,78.5,69,-14.4,-16.8,-19.2,22,14,6,24100,13050,2000,0.8,0,1
2023-03-10,-11.6,-15.95,-20.3,88,84,80,-13.5,-17.3,-21.1,28,15,2,8100,4250,400,8.2,0,3.4
2023-03-09,-12.3,-15.8,-19.3,86,79,72,-16.1,-18.6,-21.2,28,17.5,7,32200,18500,4800,0.2,0,0.2
2023-03-08,-13.6,-14.7,-15.8,84,80.5,77,-16.7,-17.2,-17.7,18,12,6,9700,6650,3600,0.4,0,0.6
2023-03-07,-12.3,-15.3,-18.3,87,78.5,70,-16.9,-18.2,-19.5,18,12.5,7,9700,5850,2000,0.3,0,0.4
2023-03-06,-15.7,-17.95,-20.2,84,78,72,-19.1,-20.3,-21.5,20,13,6,9700,6850,4000,0.4,0,0.4
2023-03-05,-9.7,-13.45,-17.2,87,81.5,76,-13.2,-16.1,-19.1,19,14.5,10,8100,4850,1600,5.7,0,6.5
2023-03-04,-4.8,-10.4,-16,92,74,56,-8.9,-13.8,-18.8,18,10,2,64400,33000,1600,0.2,0,0.4
2023-03-03,0.8,-3.5,-7.8,82,55,28,-7.9,-12.2,-16.6,28,17.5,7,48300,36200,24100,0.6,0,0.6
2023-03-02,5.2,-0.04,-5.3,86,58,30,-5.4,-8.5,-11.6,45,27,9,48300,26550,4800,0,0,0
2023-03-01,-3.4,-8.15,-12.9,92,72,52,-9.2,-11.8,-14.3,17,11,5,32200,16700,1200,0.2,0,1.2
2023-02-28,-9.6,-11.85,-14.1,91,80.5,70,-12.1,-13.9,-15.7,16,9.5,3,19300,10050,800,5.7,0,6
2023-02-27,-3.2,-8.3,-13.4,88,68.5,49,-8.7,-12.3,-16,20,10.5,1,64400,35400,6400,0,0,0
2023-02-26,-0.2,-7.25,-14.3,85,69.5,54,-8.2,-12,-15.8,17,10,3,64400,37850,11300,0,0,0
2023-02-25,-7,-13.2,-19.4,85,67,49,-13.5,-17.4,-21.3,13,7,1,64400,40250,16100,0,0,0
2023-02-24,-14.7,-21.54,-28.4,77,65,53,-18.6,-24.9,-31.3,25,14,3,48300,27350,6400,0,0,0
2023-02-23,-25.7,-27.7,-29.7,76,68,60,-29.9,-30.8,-31.7,14,9,4,19300,11650,4000,0.4,0,0.4
2023-02-22,-20,-23.1,-26.2,81,74.5,68,-24.3,-26.9,-29.6,16,11.5,7,11300,8050,4800,3,0,3.2
2023-02-21,-8.7,-14.45,-20.2,86,78,70,-14.3,-19.1,-23.9,23,16.5,10,19300,10250,1200,7.4,0,8.4
2023-02-20,-1.9,-6.2,-10.5,93,87.5,82,-4.1,-8.8,-13.4,29,16,3,8100,4450,800,11.7,0,12.1
2023-02-19,6.7,1.2,-4.3,96,62,28,-2.4,-6.8,-11.2,34,19,4,64400,33000,1600,1.6,0,2
2023-02-18,4.1,0.19,-3.7,72,50.5,29,-7.5,-10.9,-14.3,27,15.5,4,64400,37850,11300,0,0,0
2023-02-17,3.9,-1.05,-6,64,41.5,19,-6,-12.2,-18.4,33,16.5,0,64400,40250,16100,0,0,0
2023-02-16,8.7,0.19,-8.3,65,46.5,28,-8,-10.6,-13.1,37,21.5,6,64400,44250,24100,0,0,0
2023-02-15,3.4,-4.09,-11.6,88,55,22,-8.9,-13.2,-17.5,22,12,2,64400,41850,19300,0,0,0
2023-02-14,-1.4,-5.7,-10,83,61.5,40,-7.8,-11.1,-14.3,25,14,3,24100,20100,16100,0,0,0
2023-02-13,8.5,2.85,-2.8,86,63,40,-2.6,-5.8,-9,33,18.5,4,64400,35400,6400,0,0,0
2023-02-12,10.9,4.9,-1.1,63,45.5,28,-3,-8.1,-13.2,40,22.5,5,64400,40250,16100,0,0,0
2023-02-11,7.5,1.29,-4.9,54,39.5,25,-9.6,-11.2,-12.7,41,22.5,4,64400,40250,16100,0,0,0
2023-02-10,7.6,1.4,-4.8,76,48.5,21,-5.7,-9.7,-13.7,39,21,3,32200,28150,24100,0,0,0
2023-02-09,7.2,-0.35,-7.9,68,49,30,-4.8,-9.2,-13.5,21,12.5,4,64400,44250,24100,0,0,0
2023-02-08,4.2,-0.19,-4.6,84,60.5,37,-4.3,-7.4,-10.5,38,20.5,3,48300,32200,16100,0,0,0
2023-02-07,7.9,2.95,-2,81,56.5,32,-2.9,-5.8,-8.7,39,20,1,64400,40250,16100,0,0,0
2023-02-06,8.7,1.39,-5.9,76,53.5,31,-6.8,-8.2,-9.5,36,20,4,64400,40250,16100,0,0,0
2023-02-05,7.7,1.35,-5,66,50.5,35,-5,-6.8,-8.7,26,13.5,1,64400,37850,11300,0,0,0
2023-02-04,7.7,1.55,-4.6,57,44,31,-7.1,-8,-8.8,32,18,4,64400,40250,16100,0,0,0
2023-02-03,10.2,3.7,-2.8,53,38.5,24,-4.5,-8.7,-12.8,37,21,5,64400,40250,16100,0,0,0
2023-02-02,4.3,-6.44,-17.2,84,58.5,33,-9.4,-14.4,-19.5,28,15.5,3,64400,37850,11300,0,0,0
2023-02-01,-8.8,-12.55,-16.3,93,83,73,-10.8,-14.4,-18.1,32,16.5,1,48300,26150,4000,0,0,0
2023-01-31,-5.5,-10.6,-15.7,93,75,57,-9.7,-12.9,-16.2,15,8,1,64400,40250,16100,0,0,0
2023-01-30,-6,-8.5,-11,86,67,48,-10.9,-13.9,-16.9,27,14.5,2,64400,33200,2000,1.6,0,2
2023-01-29,-9.2,-15.75,-22.3,81,65,49,-12,-19.1,-26.2,26,16,6,64400,34200,4000,0.4,0,0.6
2023-01-28,-13.1,-17.3,-21.5,86,76,66,-18.7,-21.9,-25.2,30,17,4,24100,13850,3600,1.2,0,2.4
2023-01-27,1.3,-5.94,-13.2,100,91,82,0.3,-8.8,-17.9,37,23,9,24100,12150,200,13.8,0,16
2023-01-26,9,4.45,-0.1,85,60.5,36,-1.2,-3.5,-5.7,39,21,3,64400,37850,11300,0,0,0
2023-01-25,5.3,0.7,-3.9,88,64,40,-0.9,-5.8,-10.8,31,17,3,48300,27350,6400,0.2,0,0.2
2023-01-24,3.2,-0.75,-4.7,71,53.5,36,-5.5,-8.3,-11.2,35,20,5,64400,40250,16100,0,0,0
2023-01-23,4.8,-3.5,-11.8,88,60,32,-9.7,-11.2,-12.7,37,21,5,64400,36250,8100,0,0,0
2023-01-22,6.6,-0.45,-7.5,98,71,44,-0.3,-5.3,-10.4,30,17.5,5,24100,13050,2000,1.1,0,1.2
2023-01-21,9.9,4.3,-1.3,59,48,37,-3.7,-5.6,-7.5,36,20.5,5,64400,37850,11300,0,0,0
2023-01-20,5,-1.1,-7.2,57,42.5,28,-6.9,-11.2,-15.6,28,15.5,3,64400,37850,11300,0,0,0
2023-01-19,4.7,-2.05,-8.8,64,51.5,39,-7.4,-9.8,-12.3,26,16.5,7,64400,44250,24100,0,0,0
2023-01-18,4.3,-2.8,-9.9,82,61,40,-6.5,-10.4,-14.4,29,15,1,64400,44250,24100,0,0,0
2023-01-17,4.5,-4.09,-12.7,94,70.5,47,-4.2,-8.5,-12.8,11,6,1,64400,41850,19300,0,0,0
2023-01-16,-2.4,-6.3,-10.2,100,95,90,-3.7,-7.1,-10.5,19,10,1,16100,8150,200,0,0,0
2023-01-15,0.4,-2.7,-5.8,100,88,76,-2.4,-3.5,-4.5,17,8.5,0,16100,8150,200,0,0,0
2023-01-14,6.8,2.15,-2.5,90,74.5,59,-0.6,-2,-3.4,13,7,1,64400,37850,11300,0,0,0
2023-01-13,8.5,2.6,-3.3,81,65.5,50,-0.9,-3.7,-6.5,16,9,2,64400,40250,16100,0,0,0
2023-01-12,6.2,-2.85,-11.9,77,62.5,48,-3.4,-8.3,-13.2,20,11,2,64400,44250,24100,0,0,0
2023-01-11,-0.8,-6.9,-13,88,73.5,59,-8,-11.1,-14.2,15,8,1,64400,40250,16100,0,0,0
2023-01-10,4.4,-2.64,-9.7,79,60.5,42,-5.7,-9.2,-12.6,22,11.5,1,64400,40250,16100,0,0,0
2023-01-09,6.1,0.19,-5.7,81,60.5,40,-5.2,-6.7,-8.1,20,10.5,1,64400,37850,11300,0,0,0
2023-01-08,2.5,-1.54,-5.6,81,69.5,58,-4.8,-6.5,-8.3,16,9,2,64400,40250,16100,0,0,0
2023-01-07,7.1,1.25,-4.6,79,59.5,40,-5.1,-7,-9,30,15.5,1,64400,40250,16100,0,0,0
2023-01-06,9.7,0.94,-7.8,75,53,31,-6.2,-8.8,-11.4,23,12,1,64400,44250,24100,0,0,0
2023-01-05,-6.4,-11.1,-15.8,86,75,64,-9.3,-13.6,-17.9,21,11,1,64400,44250,24100,0,0,0
2023-01-04,0.9,-5.35,-11.6,68,55,42,-10.7,-13.7,-16.6,15,8,1,64400,44250,24100,0,0,0
2023-01-03,1.1,-5.95,-13,85,66.5,48,-8.7,-11.4,-14.2,13,7,1,64400,40250,16100,0,0,0
2023-01-02,1.2,-5.45,-12.1,83,68,53,-8.2,-11.5,-14.8,11,6,1,64400,40250,16100,0,0,0
2023-01-01,2.4,-2.89,-8.2,85,67.5,50,-7.2,-10,-12.8,13,7,1,64400,37850,11300,0,0,0
2022-12-31,1.8,-4.3,-10.4,79,67,55,-7.9,-10.8,-13.8,11,6,1,48300,29800,11300,0,0,0
2022-12-30,2.2,-2.6,-7.4,68,57,46,-7.3,-9.8,-12.3,16,9.5,3,64400,44250,24100,0,0,0
2022-12-29,-3.6,-7.3,-11,99,74.5,50,-4.9,-8.3,-11.8,14,7.5,1,24100,12150,200,0,0,0
2022-12-28,-1.9,-4.8,-7.7,100,91.5,83,-4.2,-6.4,-8.6,25,13,1,19300,9850,400,1,0,1
2022-12-27,4.9,1.45,-2,100,79,58,1.7,-1.4,-4.5,20,12.5,5,24100,12250,400,0.3,0.3,0
2022-12-26,10,2.9,-4.2,79,60.5,42,-0.9,-4.7,-8.5,28,15,2,64400,40250,16100,0,0,0
2022-12-25,5.7,-1.94,-9.6,77,57,37,-5.6,-8.5,-11.4,32,16.5,1,64400,40250,16100,0,0,0
2022-12-24,5.4,-8.35,-22.1,83,68,53,-4,-13.9,-23.9,45,23.5,2,64400,37850,11300,0,0,0
2022-12-23,-18.4,-23.2,-28,80,73.5,67,-22.1,-26.4,-30.7,20,10.5,1,24100,12250,400,2,0,2.4
2022-12-22,-22.9,-27.25,-31.6,74,64,54,-29.6,-31.7,-33.8,23,12.5,2,64400,40250,16100,0,0,0
2022-12-21,-26.6,-29.05,-31.5,68,63.5,59,-32.5,-34.1,-35.7,26,18.5,11,24100,15250,6400,0.2,0,0.2
2022-12-20,-28.1,-30.15,-32.2,69,66,63,-32.5,-34.1,-35.7,22,13,4,24100,12550,1000,1.8,0,1.8
2022-12-19,-24.6,-27.5,-30.4,69,60.5,52,-29.6,-32,-34.4,30,17.5,5,24100,16100,8100,0,0,0
2022-12-18,-20.7,-22.79,-24.9,72,68,64,-25.1,-27.2,-29.3,29,22.5,16,16100,8850,1600,1.1,0,1.4
2022-12-17,-2.8,-12.15,-21.5,89,77,65,-8.7,-17.2,-25.8,46,29.5,13,24100,12650,1200,1.6,0,7.2
2022-12-16,1.4,-5.3,-12,85,67.5,50,-5.6,-9.7,-13.8,22,12.5,3,64400,37850,11300,0,0,0
2022-12-15,-0.4,-6.95,-13.5,86,72.5,59,-7.4,-10.5,-13.6,26,13.5,1,64400,44250,24100,0,0,0
2022-12-14,-0.2,-6.55,-12.9,86,76,66,-3.4,-8.9,-14.4,42,22.5,3,48300,29800,11300,0,0,0
2022-12-13,2.2,-7.05,-16.3,91,76,61,-0.6,-9.3,-18,30,15.5,1,24100,14050,4000,0,0,0
2022-12-12,-9.7,-12.64,-15.6,86,72.5,59,-15.2,-17.8,-20.4,18,10.5,3,24100,15250,6400,0,0,0
2022-12-11,-7.4,-11.89,-16.4,82,73.5,65,-11.3,-15.9,-20.5,25,17.5,10,24100,16100,8100,0,0,0
2022-12-10,-3.1,-8.3,-13.5,85,73.5,62,-8.9,-12.4,-16,21,12,3,64400,37850,11300,0,0,0
2022-12-09,1.7,-5.3,-12.3,84,56.5,29,-10.4,-12.8,-15.2,21,12.5,4,64400,44250,24100,0,0,0
2022-12-08,1.1,-4.7,-10.5,82,60,38,-8.2,-11,-13.8,18,9,0,64400,44250,24100,0,0,0
2022-12-07,3.8,-9.29,-22.4,78,58,38,-8.9,-17.2,-25.5,32,18.5,5,64400,44250,24100,0,0,0
2022-12-06,-19.5,-21.2,-22.9,76,74,72,-24.4,-25.4,-26.3,27,17,7,24100,12850,1600,3.5,0,3.7
2022-12-05,-6.9,-13.2,-19.5,87,80.5,74,-10.2,-17.1,-23.9,43,25.5,8,16100,9250,2400,5.4,0,6
2022-12-04,2,-2.5,-7,88,58,28,-5.8,-10.4,-15,41,23,5,64400,32700,1000,0.6,0,0.8
2022-12-03,0,-9.6,-19.2,72,52,32,-14.9,-19.1,-23.2,31,18,5,64400,40250,16100,0,0,0
2022-12-02,-15.4,-20,-24.6,77,63.5,50,-21.6,-24.4,-27.2,16,9,2,64400,44250,24100,0,0,0
2022-12-01,-20.1,-22.05,-24,79,71,63,-24.1,-25.9,-27.6,22,12.5,3,32200,17100,2000,1.6,0,1.6
2022-11-30,-15.9,-18.14,-20.4,83,76.5,70,-19.7,-21.9,-24.2,27,20,13,24100,13050,2000,4.2,0,4.2
2022-11-29,-14.2,-16.29,-18.4,81,70.5,60,-20.3,-21.6,-23,34,20,6,64400,35400,6400,0,0,0
2022-11-28,-10.3,-12.25,-14.2,68,58.5,49,-18,-19.3,-20.6,46,34,22,24100,17700,11300,0,0,0
2022-11-27,3.7,-3.55,-10.8,90,63,36,-4.9,-11.7,-18.4,43,28,13,24100,12550,1000,1.4,0,1.4
2022-11-26,5.5,0.5,-4.5,82,56,30,-3.6,-7.2,-10.7,22,13.5,5,64400,40250,16100,0,0,0
2022-11-25,12.4,6.1,-0.2,83,55.5,28,-1.7,-4.2,-6.7,44,25.5,7,64400,37850,11300,0,0,0
2022-11-24,11.3,5.45,-0.4,70,48,26,-2.6,-5.3,-8.1,32,16.5,1,64400,44250,24100,0,0,0
2022-11-23,6.9,2.7,-1.5,95,63,31,0.4,-4.5,-9.3,34,21,8,64400,35400,6400,0,0,0
2022-11-22,10.2,6,1.8,65,50,35,-2.2,-4,-5.9,26,13.5,1,64400,40250,16100,0,0,0
2022-11-21,9.3,1.65,-6,76,54,32,-5,-7,-9.1,32,16.5,1,64400,44250,24100,0,0,0
2022-11-20,5.2,-0.1,-5.4,71,46.5,22,-5.2,-11.2,-17.1,20,10.5,1,24100,24100,24100,0,0,0
2022-11-19,8.3,-2.09,-12.5,64,41.5,19,-10.4,-13.8,-17.1,28,14.5,1,64400,44250,24100,0,0,0
2022-11-18,1,-5.05,-11.1,62,42.5,23,-15.2,-17.9,-20.6,28,15,2,64400,44250,24100,0,0,0
2022-11-17,-6.1,-9.64,-13.2,74,54,34,-14.3,-17.9,-21.5,39,21.5,4,64400,40250,16100,0,0,0
2022-11-16,0.5,-3.35,-7.2,87,74,61,-2.8,-8.3,-13.9,43,25,7,24100,18500,12900,0,0,0
2022-11-15,5.9,-0.64,-7.2,78,58.5,39,-4.2,-6.7,-9.1,36,20,4,64400,40250,16100,0,0,0
2022-11-14,2.4,-2.59,-7.6,90,76.5,63,-3.7,-6.2,-8.7,28,15,2,24100,17700,11300,0,0,0
2022-11-13,3.5,-4.09,-11.7,89,63.5,38,-4.5,-8.4,-12.4,31,16.5,2,64400,40250,16100,0,0,0
2022-11-12,-0.4,-6.55,-12.7,87,76,65,-3,-8.4,-13.9,27,13.5,0,64400,40250,16100,0,0,0
2022-11-11,0.4,-6.9,-14.2,84,64,44,-10,-13.6,-17.2,14,7.5,1,64400,44250,24100,0,0,0
2022-11-10,-5.1,-12.8,-20.5,84,72.5,61,-11.2,-16.8,-22.4,15,8,1,64400,44250,24100,0,0,0
2022-11-09,-15.5,-19.05,-22.6,84,75,66,-19.7,-21.8,-23.9,21,13,5,64400,40250,16100,0,0,0
2022-11-08,-15.3,-18.6,-21.9,83,73,63,-21.1,-22.8,-24.4,15,9,3,64400,40250,16100,0,0,0
2022-11-07,-15,-16.95,-18.9,81,78.5,76,-18.7,-20.7,-22.7,23,16,9,24100,12450,800,9.2,0,9.8
2022-11-06,-10.4,-12.7,-15,83,77,71,-13.6,-15.8,-18,25,18.5,12,24100,12850,1600,2.9,0,2.1
2022-11-05,-1.4,-5.9,-10.4,95,87,79,-2.7,-8,-13.3,42,22.5,3,19300,10050,800,3.9,0,1
2022-11-04,4.1,-0.25,-4.6,88,64.5,41,-3.7,-7.3,-11,22,11.5,1,64400,40250,16100,0,0,0
2022-11-03,-0.8,-7.55,-14.3,92,70,48,-7.9,-11.8,-15.8,13,8,3,64400,44250,24100,0,0,0
2022-11-02,-3.4,-6.3,-9.2,90,81,72,-5.7,-8.7,-11.6,40,25,10,24100,12250,400,6.4,0,6.4
2022-11-01,3.4,-0.1,-3.6,95,87,79,-0.9,-3.2,-5.6,31,21,11,24100,12650,1200,4.5,0,4.5
2022-10-31,8.3,4.25,0.2,86,68.5,51,-0.6,-2.7,-4.8,28,16.5,5,24100,16900,9700,0,0,0
2022-10-30,13.4,8.19,3,55,42,29,-0.9,-3.2,-5.6,40,22,4,64400,40250,16100,0,0,0
2022-10-29,12.4,5.25,-1.9,77,50.5,24,-4.5,-6.1,-7.7,28,15,2,64400,40250,16100,0,0,0
2022-10-28,12.3,6,-0.3,73,53,33,-0.8,-3.2,-5.6,33,18,3,48300,36200,24100,0,0,0
2022-10-27,13,7.7,2.4,63,44,25,-3.2,-5.9,-8.6,41,24.5,8,64400,44250,24100,0,0,0
2022-10-26,9,2.5,-4,89,59,29,-4,-6.2,-8.5,31,17,3,64400,44250,24100,0,0,0
2022-10-25,4.4,0.1,-4.2,93,73.5,54,-0.8,-3,-5.3,32,16.5,1,64400,44250,24100,0,0,0
2022-10-24,6.5,0.45,-5.6,95,73,51,-2.4,-4.5,-6.6,14,7.5,1,64400,40250,16100,0,0,0
2022-10-23,2.4,-0.84,-4.1,99,86.5,74,-0.5,-3,-5.4,18,11,4,24100,13450,2800,3.1,0,3.2
2022-10-22,1,0.35,-0.3,100,96,92,0.3,-0.3,-0.9,21,16,11,6400,3500,600,20.6,0,21
2022-10-21,6.2,3.55,0.9,97,81,65,1.3,0.4,-0.4,32,17.5,3,24100,14050,4000,2.2,2.2,0
2022-10-20,19.8,12.8,5.8,64,40.5,17,1.6,-2.2,-5.9,47,25,3,40200,29750,19300,0,0,0
2022-10-19,24.9,13.85,2.8,54,32,10,-3.3,-6.5,-9.7,19,10.5,2,32200,28150,24100,0,0,0
2022-10-18,24.4,13.89,3.4,51,31,11,-3.2,-5.7,-8.1,12,6.5,1,64400,40250,16100,0,0,0
2022-10-17,25.4,14.6,3.8,70,41.5,13,0.9,-3,-6.8,18,9.5,1,64400,44250,24100,0,0,0
2022-10-16,19.4,11.05,2.7,79,54.5,30,2.2,1,-0.3,13,7,1,64400,44250,24100,0,0,0
2022-10-15,16.3,9.05,1.8,89,64,39,2.4,0.8,-0.8,21,11.5,2,48300,36200,24100,0,0,0
2022-10-14,19.8,13.15,6.5,69,46.5,24,7,1,-5.1,35,19,3,64400,39450,14500,0,0,0
2022-10-13,21.3,10.45,-0.4,76,48.5,21,-0.4,-2.7,-5,12,6.5,1,64400,43450,22500,0,0,0
2022-10-12,13.6,8.19,2.8,70,52,34,-1.1,-2.4,-3.7,30,16.5,3,64400,44250,24100,0,0,0
2022-10-11,13.8,8.2,2.6,82,56,30,2.9,-0.7,-4.3,23,12,1,64400,44250,24100,0,0,0
2022-10-10,22.2,13.7,5.2,89,55.5,22,5.8,2,-1.7,45,27,9,24100,15250,6400,3.4,3.4,0
2022-10-09,20.2,12.64,5.1,69,50,31,3.8,2,0.2,14,8.5,3,24100,20100,16100,0,0,0
2022-10-08,22.6,13.15,3.7,77,50,23,3.4,1.6,-0.2,11,5.5,0,48300,36200,24100,0,0,0
2022-10-07,20.8,11.95,3.1,88,59.5,31,4.6,3.2,1.8,14,7,0,48300,33800,19300,0,0,0
2022-10-06,16.4,9.19,2,97,71.5,46,5.2,3.5,1.8,21,13,5,32200,22550,12900,0,0,0
2022-10-05,18.3,11.1,3.9,82,59,36,3.9,2.1,0.4,28,15,2,24100,16900,9700,0,0,0
2022-10-04,23.2,15,6.8,78,55,32,6.9,4.9,2.9,19,10,1,64400,43450,22500,0,0,0
2022-10-03,23.4,15.1,6.8,81,55.5,30,7.2,5.6,4,14,7.5,1,24100,24100,24100,0,0,0
2022-10-02,23.6,14.3,5,92,59,26,7.2,5.1,3,24,12.5,1,24100,24100,24100,0,0,0
2022-10-01,22,13.7,5.4,99,69.5,40,8.1,6.6,5.1,24,12.5,1,32200,24150,16100,0,0,0
2022-09-30,16.3,12.95,9.6,86,75,64,9.3,8.3,7.4,32,17,2,24100,19300,14500,0,0,0
2022-09-29,22.1,15.85,9.6,75,55.5,36,9.3,6,2.7,35,19,3,24100,16900,9700,0,0,0
2022-09-28,28.2,18.05,7.9,61,38.5,16,4.1,1.6,-0.9,15,9,3,56300,40200,24100,0,0,0
2022-09-27,27.3,18.05,8.8,72,43.5,15,5.8,2.1,-1.5,26,14,2,64400,44250,24100,0,0,0
2022-09-26,25,15.65,6.3,73,48.5,24,5.3,3,0.6,21,11,1,64400,44250,24100,0,0,0
2022-09-25,22.9,13.39,3.9,65,43.5,22,1.4,0.1,-1.2,16,8.5,1,64400,44250,24100,0,0,0
2022-09-24,21.7,15.75,9.8,46,32.5,19,1.2,-1,-3.3,29,16.5,4,64400,44250,24100,0,0,0
2022-09-23,19.6,12.45,5.3,79,53,27,4.4,1.1,-2.3,32,17,2,64400,40250,16100,0,0,0
2022-09-22,17.5,10.75,4,83,64,45,5.3,3.4,1.4,21,12,3,48300,36200,24100,0,0,0
2022-09-21,16.7,8.29,-0.1,86,60.5,35,2,0.4,-1.3,37,21.5,6,64400,44250,24100,0,0,0
2022-09-20,13.7,7.65,1.6,81,57,33,1.4,-0.8,-2.9,19,12,5,64400,44250,24100,0,0,0
2022-09-19,12.7,8.39,4.1,90,71.5,53,5.8,3.4,0.9,42,22,2,24100,15250,6400,7.8,7.8,0
2022-09-18,18.3,10.4,2.5,78,53.5,29,2.4,1.1,-0.3,15,8,1,64400,40250,16100,0,0,0
2022-09-17,17.8,12.25,6.7,77,54.5,32,3.5,0.7,-2.1,21,11,1,64400,40250,16100,0,0,0
2022-09-16,22.1,14.95,7.8,75,51.5,28,5.6,3.8,1.9,22,12,2,24100,20100,16100,0,0,0
2022-09-15,22.9,15.2,7.5,80,52.5,25,8.2,4.7,1.1,19,10,1,24100,16900,9700,0,0,0
2022-09-14,21.1,15.3,9.5,80,57,34,7.9,5.8,3.7,22,13,4,14500,10450,6400,0,0,0
2022-09-13,20.1,15.15,10.2,78,60,42,9.1,7.7,6.2,21,12,3,14500,10450,6400,0,0,0
2022-09-12,20,15.55,11.1,65,46.5,28,7.7,4,0.3,31,17,3,14500,11300,8100,0,0,0
2022-09-11,28.9,18.79,8.7,55,33.5,12,5.3,1,-3.4,27,14,1,12900,8450,4000,0,0,0
2022-09-10,26,15,4,76,47.5,19,4,2.1,0.2,16,10,4,64400,35400,6400,0,0,0
2022-09-09,16.5,11.45,6.4,89,60.5,32,6,2.5,-1.1,23,13,3,64400,37050,9700,1.8,1.8,0
2022-09-08,16.8,13.05,9.3,72,56,40,4.9,3,1,21,11,1,48300,29800,11300,1.2,1.2,0
2022-09-07,29.4,19.25,9.1,78,48,18,7.6,4.5,1.3,37,20,3,32200,22550,12900,0,0,0
2022-09-06,23.1,14.3,5.5,79,55,31,6.3,3.2,0.2,28,14.5,1,32200,21750,11300,0,0,0
2022-09-05,23.7,17.3,10.9,69,49,29,8.1,5.6,3.1,43,24,5,19300,13700,8100,0,0,0
2022-09-04,31.8,24.4,17,47,30.5,14,8.4,4.7,1,27,15.5,4,9700,8050,6400,0,0,0
2022-09-03,32.7,22.3,11.9,69,42.5,16,10.6,6.6,2.6,16,8,0,24100,16100,8100,0,0,0
2022-09-02,30.5,20.55,10.6,71,45,19,8.6,6.2,3.8,22,14.5,7,64400,40250,16100,0,0,0
2022-09-01,26.8,21,15.2,54,42.5,31,9.3,7.4,5.5,29,15,1,32200,28150,24100,0,0,0
2022-08-31,32,23.25,14.5,70,44,18,11.6,7.5,3.5,17,9,1,64400,44250,24100,0,0,0
2022-08-30,30.5,21.55,12.6,71,48.5,26,10.8,9.2,7.7,15,8.5,2,64400,44250,24100,0,0,0
2022-08-29,27.7,18.55,9.4,63,46,29,9.2,6.3,3.4,27,15,3,64400,44250,24100,0,0,0
2022-08-28,22.4,16.45,10.5,66,46.5,27,6.8,4,1.3,28,16.5,5,64400,40250,16100,0,0,0
2022-08-27,20.1,15.4,10.7,88,72.5,57,11.7,9.8,7.9,46,25.5,5,48300,28200,8100,10.6,10.6,0
2022-08-26,27.5,19.6,11.7,96,64.5,33,13.3,10.8,8.3,29,15.5,2,32200,24150,16100,0,0,0
2022-08-25,24.8,17.7,10.6,91,68,45,13.2,11.1,8.9,23,12,1,32200,24150,16100,0,0,0
2022-08-24,24.7,18.85,13,99,69,39,14.4,11.8,9.1,25,13,1,48300,31400,14500,0,0,0
2022-08-23,18.2,16.55,14.9,90,77.5,65,14.2,12.3,10.5,23,12.5,2,64400,37850,11300,1.9,1.9,0
2022-08-22,27.4,20.1,12.8,99,72.5,46,16.2,14.3,12.5,25,13.5,2,24100,16900,9700,8.6,8.6,0
2022-08-21,26.2,20.65,15.1,95,68,41,16.5,13.3,10.2,29,16,3,24100,17700,11300,3.2,3.2,0
2022-08-20,27.2,21.15,15.1,70,52.5,35,13.6,9.8,5.9,19,11,3,32200,28150,24100,0,0,0
2022-08-19,31.7,23.75,15.8,64,42,20,10.2,7.9,5.6,31,19,7,24100,20100,16100,0,0,0
2022-08-18,31,21.35,11.7,80,52.5,25,10.6,9.4,8.2,31,16.5,2,32200,28150,24100,0,0,0
2022-08-17,27.3,20.2,13.1,83,58,33,12,10.4,8.9,17,10,3,56300,40200,24100,0,0,0
2022-08-16,31.1,20.7,10.3,80,49,18,13.7,8.3,3,34,17.5,1,32200,24150,16100,0,0,0
2022-08-15,27,19.6,12.2,74,51.5,29,10.5,8.9,7.3,17,11,5,32200,24150,16100,0,0,0
2022-08-14,28.4,20.39,12.4,72,47,22,10.5,7.7,4.8,23,13.5,4,32200,24150,16100,0,0,0
2022-08-13,30.7,22.35,14,77,48,19,11.7,7.5,3.3,29,16,3,64400,44250,24100,0,0,0
2022-08-12,31.6,22.9,14.2,71,46.5,22,11.6,9.4,7.3,30,15.5,1,48300,28200,8100,5.6,5.6,0
2022-08-11,31.7,23.65,15.6,78,51.5,25,12.8,9.8,6.8,43,23,3,32200,28150,24100,0,0,0
2022-08-10,27.7,22.04,16.4,60,48.5,37,13.3,10.2,7,21,11,1,24100,16100,8100,0,0,0
2022-08-09,27.5,20.6,13.7,62,43.5,25,7.5,6.3,5.1,32,20,8,48300,32200,16100,0,0,0
2022-08-08,29.3,21.65,14,54,37,20,12.3,7.8,3.3,37,20,3,32200,28150,24100,0,0,0
2022-08-07,30,21.7,13.4,58,41,24,7.8,5.8,3.8,18,11,4,64400,44250,24100,0,0,0
2022-08-06,26.1,16.7,7.3,73,48,23,5.9,4,2.2,27,16,5,64400,44250,24100,0,0,0
2022-08-05,18.7,13.7,8.7,75,56.5,38,5.9,4.4,2.9,38,20.5,3,64400,40250,16100,0,0,0
2022-08-04,21.9,16.2,10.5,100,74.5,49,13.5,9.2,4.9,31,17.5,4,48300,24250,200,0,0,0
2022-08-03,28.2,21,13.8,85,52.5,20,14.8,9,3.2,22,13.5,5,48300,36200,24100,0,0,0
2022-08-02,23.8,18.75,13.7,78,55.5,33,11.1,8.7,6.2,36,21,6,48300,32200,16100,0.2,0.2,0
2022-08-01,30.7,22.4,14.1,97,66.5,36,15.8,12.9,10.1,36,19,2,24100,15250,6400,0,0,0
2022-07-31,29.8,21.65,13.5,94,65,36,16.7,14.1,11.5,27,14.5,2,64400,35400,6400,0,0,0
2022-07-30,28.2,21.75,15.3,89,59.5,30,14.2,11.3,8.4,24,12.5,1,64400,37850,11300,3.2,3.2,0
2022-07-29,31.7,23.5,15.3,81,57.5,34,15.8,13.8,11.7,43,21.5,0,32200,18500,4800,2.8,2.8,0
2022-07-28,30.9,22.85,14.8,81,57,33,14.8,13.3,11.9,27,17.5,8,32200,21750,11300,0,0,0
2022-07-27,28.6,21.8,15,82,58.5,35,14.9,12.9,10.9,20,10.5,1,48300,36200,24100,0,0,0
2022-07-26,24.4,19.2,14,83,62.5,42,12.4,11.2,9.9,16,8,0,40200,32150,24100,0,0,0
2022-07-25,21.9,17.6,13.3,91,71.5,52,13.5,11.8,10.2,24,14,4,24100,16900,9700,1.4,1.4,0
2022-07-24,27.1,19.8,12.5,90,59.5,29,15.3,11.2,7.2,22,13.5,5,64400,40250,16100,0,0,0
2022-07-23,25.4,18.45,11.5,90,65.5,41,12.9,11.8,10.7,29,16,3,64400,37850,11300,0,0,0
2022-07-22,23.1,17.7,12.3,84,63.5,43,12.5,10.7,8.8,27,17,7,56300,33800,11300,0.8,0.8,0
2022-07-21,28.2,19.7,11.2,85,57,29,12.9,9.7,6.4,29,15,1,64400,44250,24100,0,0,0
2022-07-20,25.5,17.55,9.6,73,56.5,40,12.8,9.2,5.7,23,13,3,64400,43450,22500,0,0,0
2022-07-19,28.9,21.35,13.8,73,45,17,13.3,7.5,1.8,32,17.5,3,64400,44250,24100,0,0,0
2022-07-18,19.8,16.35,12.9,89,70,51,13,11,9,41,21.5,2,32200,20150,8100,3,3,0
2022-07-17,23.8,19.5,15.2,83,64.5,46,13.6,11.8,10.1,22,14.5,7,24100,17700,11300,0,0,0
2022-07-16,27.8,20.55,13.3,80,55.5,31,15.4,9.2,3.1,24,15,6,64400,44250,24100,0,0,0
2022-07-15,30,21.25,12.5,69,45.5,22,12.6,8,3.4,26,13,0,64400,44250,24100,0,0,0
2022-07-14,27.1,18.7,10.3,86,56,26,13.2,10.1,7,27,15,3,64400,44250,24100,0,,
2022-07-13,24.5,18.3,12.1,81,61,41,13.7,9.7,5.7,29,16.5,4,48300,36200,24100,0,0,0
2022-07-12,30.1,21.9,13.7,69,41,13,11.2,4.8,-1.6,35,21.5,8,64400,44250,24100,0,0,0
2022-07-11,25,18,11,63,48.5,34,11.4,6.8,2.1,34,20,6,64400,44250,24100,0,0,0
2022-07-10,24.4,17.89,11.4,69,45.5,22,8.1,4.5,1,33,18.5,4,64400,37850,11300,0.4,0.4,0
2022-07-09,25.8,18.85,11.9,63,46,29,10.5,6.3,2.1,34,20,6,64400,37850,11300,0.2,0.2,0
2022-07-08,25.3,18,10.7,79,57.5,36,13.6,9.3,5,35,18.5,2,64400,37850,11300,0,0,0
2022-07-07,24.3,17.75,11.2,95,72.5,50,15.8,13.7,11.6,26,14.5,3,32200,24150,16100,17,17,0
2022-07-06,18.1,12.85,7.6,92,82,72,13.6,10.3,7,19,11.5,4,32200,22550,12900,0,0,0
2022-07-05,21.8,15.75,9.7,98,67.5,37,12.1,8.4,4.8,27,14.5,2,64400,32400,400,10.4,10.4,0
2022-07-04,14.6,12.5,10.4,97,88,79,11.8,10.5,9.2,21,12.5,4,24100,12650,1200,5.7,5.7,0
2022-07-03,13.9,12.05,10.2,89,79.5,70,10,8.8,7.7,12,6,0,24100,16100,8100,0.6,0.6,0
2022-07-02,17,13.8,10.6,95,79.5,64,12,10.4,8.8,23,12,1,24100,14050,4000,1,1,0
2022-07-01,23.5,17.14,10.8,85,60.5,36,11.8,9.2,6.5,28,16,4,56300,33000,9700,17.6,17.6,0
2022-06-30,20.8,15.45,10.1,81,58,35,9,6.5,4.1,25,13.5,2,32200,24150,16100,0,0,0
2022-06-29,18.4,14.45,10.5,87,65,43,10.9,7.2,3.6,29,15.5,2,64400,36250,8100,5,5,0
2022-06-28,23.1,16.64,10.2,93,71,49,14.6,12.2,9.7,34,18.5,3,32200,20150,8100,1.4,1.4,0
2022-06-27,24.8,16.55,8.3,82,57.5,33,11.3,8,4.7,26,14,2,48300,36200,24100,0,0,0
2022-06-26,23.9,15.6,7.3,73,46.5,20,5.3,2,-1.2,21,11,1,64400,44250,24100,0,0,0
2022-06-25,19.7,13.5,7.3,75,52.5,30,5.6,3.2,0.8,23,12,1,64400,40250,16100,0,0,0
2022-06-24,15.2,11.05,6.9,91,67,43,6.5,4.2,2,46,29.5,13,32200,19300,6400,2,2,0
2022-06-23,13.3,10.25,7.2,94,73.5,53,10,5.9,1.8,36,19.5,3,56300,28750,1200,14.8,14.8,0
2022-06-22,26.3,19,11.7,82,54,26,9.2,6.6,4,41,21.5,2,64400,44250,24100,0,0,0
2022-06-21,23,15.3,7.6,85,56.5,28,8.6,5.7,2.8,29,15,1,64400,44250,24100,0,0,0
2022-06-20,19.4,14.5,9.6,80,63.5,47,9.9,7.5,5.2,34,18,2,32200,24150,16100,0.8,0.8,0
2022-06-19,19.5,15.25,11,88,64,40,11.4,8,4.6,24,13.5,3,64400,40250,16100,0,0,0
2022-06-18,20.1,16.1,12.1,95,74,53,13.3,10.8,8.2,21,11.5,2,32200,20150,8100,7.6,7.6,0
2022-06-17,20.7,16.35,12,92,77,62,14.4,12.3,10.2,25,15,5,56300,32200,8100,1.2,1.2,0
2022-06-16,19.3,13.65,8,85,68.5,52,10.6,7.5,4.5,30,15.5,1,48300,29800,11300,0,0,0
2022-06-15,16.1,12.65,9.2,88,71,54,7.9,6.5,5.2,54,34.5,15,64400,37850,11300,1.8,1.8,0
2022-06-14,12.3,10.19,8.1,94,85,76,8.6,7.7,6.7,61,40,19,16100,10450,4800,34.3,34.3,0
2022-06-13,15,12.1,9.2,94,77.5,61,9.3,8,6.7,34,19,4,16100,10450,4800,26.1,26.1,0
2022-06-12,18.6,13.25,7.9,84,65.5,47,8.5,5.8,3,25,13.5,2,64400,37850,11300,2.8,2.8,0
2022-06-11,22,17.35,12.7,57,44.5,32,6.9,3.2,-0.4,31,17,3,64400,40250,16100,0,0,0
2022-06-10,23.9,16.6,9.3,67,42,17,4.8,1,-2.9,34,18.5,3,64400,44250,24100,0,0,0
2022-06-09,23.3,15.5,7.7,72,46.5,21,5.1,2,-1,22,14.5,7,64400,44250,24100,0,0,0
2022-06-08,22.2,14.35,6.5,81,53,25,7.3,3.9,0.5,25,13,1,64400,44250,24100,0,0,0
2022-06-07,16.8,12.8,8.8,96,72.5,49,8.7,6.5,4.3,27,16,5,64400,36250,8100,3.8,3.8,0
2022-06-06,17.6,13.6,9.6,96,78,60,10.3,8.3,6.3,26,15,4,19300,11650,4000,24.2,24.2,0
2022-06-05,16.1,11.9,7.7,96,81.5,67,12.2,9.8,7.3,26,16,6,24100,12850,1600,10.9,10.9,0
2022-06-04,21.7,15.6,9.5,92,67,42,10.7,7.6,4.5,34,19,4,64400,36250,8100,1.2,1.2,0
2022-06-03,21.7,13.35,5,52,33.5,15,4.2,-1,-6.3,36,19,2,56300,36200,16100,0,0,0
2022-06-02,21.2,11.65,2.1,66,43,20,-0.9,-2.5,-4.2,26,14.5,3,56300,40200,24100,0,0,0
2022-06-01,19,13.3,7.6,43,31,19,-2.5,-4.4,-6.3,18,9.5,1,64400,44250,24100,0,0,0
2022-05-31,18.1,10.25,2.4,64,44.5,25,-2,-3.2,-4.4,14,7.5,1,64400,44250,24100,0,0,0
2022-05-30,15.9,11.4,6.9,86,55.5,25,4.9,0,-4.8,36,20.5,5,32200,20150,8100,0,0,0
2022-05-29,15.7,11.95,8.2,65,48,31,2.1,-1.5,-5.1,36,21.5,7,64400,37850,11300,0,0,0
2022-05-28,19.1,13.6,8.1,45,32,19,-2.3,-4.5,-6.6,27,15,3,64400,40250,16100,0,0,0
2022-05-27,21.5,15.6,9.7,52,38,24,4.3,0.8,-2.6,38,19.5,1,64400,40250,16100,0,0,0
2022-05-26,20.3,12.55,4.8,50,34,18,-1.2,-3.1,-5,16,8.5,1,64400,44250,24100,0,0,0
2022-05-25,20,13.6,7.2,54,36.5,19,0.8,-1.8,-4.4,32,16.5,1,64400,44250,24100,0,0,0
2022-05-24,17.4,12.39,7.4,46,38.5,31,1.5,-1.4,-4.4,28,15,2,64400,44250,24100,0,0,0
2022-05-23,18.7,10.1,1.5,58,38,18,-2.4,-5,-7.7,31,16.5,2,64400,44250,24100,0.2,0.2,0
2022-05-22,16.6,7.55,-1.5,72,46,20,-3.6,-5.8,-8,22,12,2,64400,44250,24100,0,0,0
2022-05-21,10.9,5.4,-0.1,75,51,27,-2.8,-5.8,-8.8,17,11,5,64400,40250,16100,0,0,0
2022-05-20,8.8,5.3,1.8,91,65,39,1.5,-2.2,-6,36,24.5,13,48300,29800,11300,0.5,,0.2
2022-05-19,7.4,4.6,1.8,92,70.5,49,2.7,0,-2.7,56,36.5,17,64400,36250,8100,3.2,3.2,0
2022-05-18,17.1,9.5,1.9,86,57.5,29,2.9,-2,-6.9,46,25.5,5,64400,44250,24100,0,0,0
2022-05-17,12.8,8.65,4.5,85,63.5,42,5.1,2.2,-0.6,36,20,4,64400,37050,9700,2.7,2.7,0
2022-05-16,21,13.5,6,70,45,20,2.3,-0.8,-3.8,29,16,3,64400,40250,16100,0,0,0
2022-05-15,18.4,9.79,1.2,52,37.5,23,-0.2,-3,-5.9,20,10.5,1,64400,40250,16100,0,0,0
2022-05-14,16.5,10,3.5,49,34,19,-0.6,-4.3,-8.1,29,16.5,4,64400,37050,9700,0,0,0
2022-05-13,13.7,6.44,-0.8,78,52,26,2.6,-1.8,-6.2,27,13.5,0,56300,36200,16100,0,0,0
2022-05-12,16.7,8.1,-0.5,64,41,18,-2.8,-6.5,-10.1,36,19.5,3,64400,43450,22500,0,0,0
2022-05-11,13.2,7,0.8,91,57.5,24,1.7,-3.6,-8.9,19,10,1,64400,41850,19300,0,0,0
2022-05-10,9.6,4.75,-0.1,94,74.5,55,2.9,0.6,-1.8,34,18.5,3,56300,30550,4800,1.2,1.2,0
2022-05-09,8.5,4.45,0.4,96,70,44,0.5,-1.8,-4,23,13,3,64400,33800,3200,1,1,0
2022-05-08,10.9,5.6,0.3,96,71,46,1.4,-0.8,-2.9,28,15.5,3,64400,33000,1600,3.8,3,0.8
2022-05-07,15.7,9.25,2.8,66,42,18,0.9,-4.3,-9.6,23,12.5,2,64400,36250,8100,0,0,0
2022-05-06,16.8,11.8,6.8,56,34,12,2.8,-5.1,-13,43,24,5,64400,44250,24100,0,0,0
2022-05-05,20.9,15.14,9.4,66,48.5,31,6.2,2.5,-1.1,27,17,7,64400,44250,24100,0,0,0
2022-05-04,20.1,14.2,8.3,49,37,25,2,-0.9,-3.9,30,16.5,3,64400,44250,24100,0,0,0
2022-05-03,18.8,10.75,2.7,81,54,27,4,-0.2,-4.3,25,13.5,2,64400,44250,24100,0,0,0
2022-05-02,16.5,9.05,1.6,72,50.5,29,1.2,-0.8,-2.8,18,10.5,3,64400,44250,24100,0,0,0
2022-05-01,14.9,9.4,3.9,68,49.5,31,0.2,-1.6,-3.4,36,18.5,1,64400,44250,24100,0,0,0
2022-04-30,13.8,6.65,-0.5,89,58,27,0.9,-2.2,-5.4,23,15,7,32200,23350,14500,0,0,0
2022-04-29,12.6,6.15,-0.3,65,46,27,-1.4,-6.2,-10.9,21,12,3,64400,44250,24100,0,0,0
2022-04-28,11.8,3.75,-4.3,59,38,17,-6.5,-10.2,-13.9,21,11,1,64400,44250,24100,0,0,0
2022-04-27,12,5.85,-0.3,86,51.5,17,1.2,-6.1,-13.4,30,15.5,1,64400,40250,16100,0,0,0
2022-04-26,14.7,9.25,3.8,85,58.5,32,3.7,0.2,-3.3,28,17.5,7,64400,37850,11300,2,,
2022-04-25,17.3,8.4,-0.5,67,41.5,16,-3,-6.4,-9.8,23,12.5,2,64400,44250,24100,0,0,0
2022-04-24,15.1,6.95,-1.2,80,51.5,23,-2,-4.2,-6.3,20,10.5,1,64400,44250,24100,0,0,0
2022-04-23,10.3,4.1,-2.1,94,65.5,37,0.2,-1.9,-3.9,19,11.5,4,64400,41850,19300,0,0,0
2022-04-22,2,0.7,-0.6,96,84.5,73,0.1,-1.4,-2.9,21,13,5,24100,12250,400,11.8,0,13.4
2022-04-21,5.5,0.35,-4.8,85,71,57,-1.4,-4.5,-7.6,36,24.5,13,32200,24150,16100,0,0,0
2022-04-20,0.8,-1.5,-3.8,90,74.5,59,-3.8,-5.8,-7.8,31,18,5,40200,21700,3200,0.6,0,1
2022-04-19,3.6,0.6,-2.4,95,77,59,-0.3,-2.9,-5.5,43,23.5,4,24100,12250,400,21.2,0,22.3
2022-04-18,9.7,1.24,-7.2,85,50,15,-5.3,-10.8,-16.3,37,22,7,64400,40250,16100,0,0,0
2022-04-17,6,-1.09,-8.2,83,56,29,-5.7,-8.4,-11.1,26,14.5,3,64400,37850,11300,0,0,0
2022-04-16,4.2,-3.24,-10.7,86,60,34,-8.8,-10.3,-11.8,24,14.5,5,64400,44250,24100,0,0,0
2022-04-15,-2,-5.75,-9.5,89,67.5,46,-9.9,-11.6,-13.2,14,9,4,32200,17700,3200,1,0,1
2022-04-14,-5.3,-7.8,-10.3,88,74.5,61,-9.5,-11.2,-12.9,28,17,6,11300,6050,800,1.2,0,1.2
2022-04-13,-5.2,-7.69,-10.2,84,71,58,-10.8,-12.6,-14.4,30,20,10,12900,7050,1200,1.8,0,2.2
2022-04-12,-7.8,-9.5,-11.2,83,72,61,-11.9,-13.3,-14.8,32,25.5,19,24100,13250,2400,0.6,0,1.6
2022-04-11,0.6,-4.05,-8.7,62,40,18,-13.4,-17.9,-22.3,39,24,9,64400,44250,24100,0,0,0
2022-04-10,3.2,-1.14,-5.5,68,43.5,19,-7.4,-13.3,-19.2,43,26.5,10,64400,44250,24100,0,0,0
2022-04-09,6.8,4.2,1.6,67,48.5,30,-3.3,-8,-12.7,37,20,3,64400,37050,9700,0.4,0,0.4
2022-04-08,21.1,12.85,4.6,45,28.5,12,-0.2,-5.9,-11.6,49,27.5,6,64400,41050,17700,0,0,0
2022-04-07,17.5,6.45,-4.6,57,38,19,-5.6,-9.9,-14.3,25,14,3,64400,44250,24100,0,0,0
2022-04-06,8.7,3.89,-0.9,44,32.5,21,-8.8,-12.4,-16.1,25,13.5,2,64400,40250,16100,0,0,0
2022-04-05,9.8,6.25,2.7,41,28.5,16,-7.7,-11.8,-16,39,25.5,12,64400,36250,8100,0,0,0
2022-04-04,13.5,6.9,0.3,57,37,17,-4.9,-8.7,-12.4,43,28,13,64400,36250,8100,0,0,0
2022-04-03,10,2.35,-5.3,90,56,22,-2.3,-6.7,-11,21,14.5,8,64400,44250,24100,0,0,0
2022-04-02,11.7,4.84,-2,92,57,22,0.2,-5,-10.2,30,16.5,3,56300,40200,24100,0,0,0
2022-04-01,9.4,2.95,-3.5,70,47.5,25,-6.8,-8.8,-10.8,22,12,2,56300,40200,24100,0,0,0
2022-03-31,8.1,4.25,0.4,90,56,22,-0.7,-7.4,-14.1,34,19.5,5,56300,32200,8100,0,0,0
2022-03-30,17.7,7.1,-3.5,90,53.5,17,-0.6,-5,-9.4,45,23.5,2,48300,25750,3200,0.2,0,0
2022-03-29,10.4,1.95,-6.5,94,59,24,-2.5,-6.5,-10.5,18,9.5,1,64400,44250,24100,0,0,0
2022-03-28,3.8,0.59,-2.6,91,76.5,62,-2.5,-3.3,-4.1,39,26,13,24100,13450,2800,0.3,,
2022-03-27,15.3,5.45,-4.4,78,54.5,31,-2.2,-4.7,-7.2,22,11.5,1,64400,44250,24100,0,0,0
2022-03-26,6.1,-0.2,-6.5,87,65,43,-5.2,-7,-8.7,21,11.5,2,64400,44250,24100,0,0,0
2022-03-25,8.6,1.19,-6.2,83,58.5,34,-4.5,-7.4,-10.3,24,12.5,1,64400,44250,24100,0,0,0
2022-03-24,5.7,1.5,-2.7,90,60,30,-1.6,-7,-12.4,50,25.5,1,48300,25750,3200,0.4,0,0.4
2022-03-23,18.4,9.75,1.1,70,43,16,-0.8,-4.4,-8,61,31.5,2,64400,36250,8100,0,0,0
2022-03-22,15.2,7.1,-1,60,42.5,25,-2.5,-5.8,-9.1,20,11.5,3,64400,40250,16100,0,0,0
2022-03-21,11.2,5.75,0.3,44,33,22,-7.7,-11.1,-14.4,32,18,4,64400,44250,24100,0,0,0
2022-03-20,5.5,2,-1.5,93,59,25,-0.7,-8,-15.2,44,25.5,7,64400,33000,1600,0.6,0,0.8
2022-03-19,11.8,3.8,-4.2,66,46.5,27,-4.6,-7.2,-9.9,21,11,1,56300,40200,24100,0,0,0
2022-03-18,10.3,3.1,-4.1,72,48,24,-4.1,-7.7,-11.2,26,15,4,56300,40200,24100,0,0,0
2022-03-17,12.1,4.65,-2.8,59,40.5,22,-7.1,-8.7,-10.3,30,17.5,5,64400,44250,24100,0,0,0
2022-03-16,9.7,5.05,0.4,59,39,19,-6.2,-9.9,-13.7,31,18,5,64400,40250,16100,0,0,0
2022-03-15,12.4,5.85,-0.7,80,51.5,23,-1.7,-5.3,-8.9,37,19.5,2,64400,37850,11300,0,0,0
2022-03-14,12.7,5.15,-2.4,97,61,25,-1.6,-4.5,-7.5,31,17.5,4,64400,32400,400,0,0,0
2022-03-13,3.5,0.64,-2.2,93,73.5,54,-1.4,-4.8,-8.2,17,9,1,64400,35400,6400,0,0,0
2022-03-12,9.5,5.3,1.1,66,45.5,25,-4.3,-7.3,-10.3,31,18,5,64400,44250,24100,0,0,0
2022-03-11,5.2,-5.19,-15.6,84,60.5,37,-7.4,-12.6,-17.7,28,18,8,64400,44250,24100,0,0,0
2022-03-10,-4.4,-9.15,-13.9,77,51.5,26,-14.3,-18.2,-22.2,34,21.5,9,64400,37850,11300,0,0,0
2022-03-09,-9.1,-13.2,-17.3,80,51.5,23,-16.7,-20.1,-23.5,25,14.5,4,64400,37850,11300,0,0,0
2022-03-08,-6.9,-9.4,-11.9,81,65.5,50,-10.5,-13.5,-16.5,36,22,8,24100,13050,2000,0.6,0,0.6
2022-03-07,4.2,-1.29,-6.8,79,58.5,38,-2.1,-6.7,-11.3,47,31.5,16,64400,36250,8100,0,0,0
2022-03-06,1.1,-3,-7.1,86,69,52,-6.6,-8.4,-10.2,23,14,5,64400,37050,9700,0,0,0
2022-03-05,-1.8,-5.9,-10,89,81,73,-6.6,-9.2,-11.8,28,14.5,1,24100,14050,4000,0.4,0,0.4
2022-03-04,-5.8,-8.19,-10.6,90,83.5,77,-9,-10.4,-11.9,28,18,8,32200,17300,2400,1.2,0,2
2022-03-03,-6.2,-7.9,-9.6,93,91.5,90,-7.6,-9.6,-11.6,18,10.5,3,11300,5850,400,4.7,0,5.6
2022-03-02,-5.6,-6.75,-7.9,94,93,92,-6.6,-7.7,-8.8,16,11,6,2400,1400,400,1.2,0,1.2
2022-03-01,12.3,2.8,-6.7,96,61.5,27,-0.3,-4,-7.6,30,15.5,1,24100,12150,200,0,0,0
2022-02-28,6.1,0.5,-5.1,88,63,38,-2.2,-5.5,-8.9,20,10.5,1,64400,35400,6400,0,0,0
2022-02-27,10.1,6.6,3.1,49,39,29,-3.9,-6.3,-8.7,35,19,3,64400,40250,16100,0,0,0
2022-02-26,9.4,1.1,-7.2,57,37.5,18,-7.7,-11.5,-15.3,32,16.5,1,64400,44250,24100,0,0,0
2022-02-25,2.4,-5.7,-13.8,88,59,30,-12.1,-14.7,-17.2,25,12.5,0,64400,44250,24100,0,0,0
2022-02-24,-5.2,-7.44,-9.7,86,77.5,69,-8,-9.8,-11.6,28,14.5,1,24100,12250,400,2,0,3.8
2022-02-23,-9.3,-18.14,-27,81,62.5,44,-12.3,-21.2,-30.2,16,9.5,3,64400,35400,6400,0,0,0
2022-02-22,-18.3,-22.25,-26.2,77,65.5,54,-25,-26.7,-28.4,14,8.5,3,16100,12100,8100,0,0,0
2022-02-21,-19.4,-21.5,-23.6,81,74,67,-22,-24.6,-27.2,20,13,6,11300,6850,2400,0.8,0,1
2022-02-20,-5,-12.8,-20.6,84,77.5,71,-13.8,-17.9,-22.1,29,17.5,6,9700,5450,1200,8.9,0,9.8
2022-02-19,9.6,2.29,-5,89,63,37,-0.3,-5.7,-11,44,23,2,64400,33000,1600,0,0,0
2022-02-18,-0.1,-5.55,-11,92,84,76,-1.9,-7.8,-13.6,31,19.5,8,24100,14450,4800,1,0,1.5
2022-02-17,8.1,-0.4,-8.9,93,64.5,36,-1.4,-6,-10.5,41,20.5,0,64400,36250,8100,0,0,0
2022-02-16,-2.6,-7.4,-12.2,91,76.5,62,-7.9,-10.2,-12.6,23,13,3,64400,33200,2000,2.4,0,5
2022-02-15,-1.2,-4.2,-7.2,92,78.5,65,-4.3,-7.2,-10,32,19.5,7,24100,12450,800,5.5,0,7.2
2022-02-14,0.2,-1.94,-4.1,93,78,63,-3.2,-5.5,-7.8,19,11.5,4,64400,33000,1600,1.4,0,2
2022-02-13,9.3,3.8,-1.7,63,48,33,-5.8,-7.4,-9,31,19,7,64400,37850,11300,0,0,0
2022-02-12,7.8,2.09,-3.6,43,31,19,-7.2,-12.5,-17.8,28,14.5,1,64400,44250,24100,0,0,0
2022-02-11,1.6,-1.35,-4.3,79,49,19,-6.7,-12.3,-17.9,41,23,5,64400,44250,24100,0,0,0
2022-02-10,13.4,5.9,-1.6,54,42,30,-1.7,-7.3,-12.9,33,21,9,64400,44250,24100,0,0,0
2022-02-09,13.5,6.9,0.3,47,37.5,28,-1.5,-4.1,-6.7,36,22.5,9,64400,44250,24100,0,0,0
2022-02-08,9.8,6.5,3.2,40,33,26,-7,-9.1,-11.1,43,26,9,64400,40250,16100,0,0,0
2022-02-07,11.9,5.15,-1.6,75,45.5,16,-1,-7.3,-13.7,40,21.5,3,64400,40250,16100,0,,
2022-02-06,12.3,4.35,-3.6,73,46.5,20,-7.4,-9.1,-10.8,41,25.5,10,64400,37850,11300,0,0,0
2022-02-05,6.1,1.44,-3.2,77,55.5,34,-4.7,-9.2,-13.7,41,20.5,0,64400,40250,16100,0,0,0
2022-02-04,8,-4.59,-17.2,85,59,33,-6.2,-12.7,-19.1,37,20.5,4,64400,35400,6400,0,0,0
2022-02-03,-6.9,-13.14,-19.4,82,66.5,51,-14.5,-17.7,-20.9,34,20.5,7,48300,32200,16100,0,0,0
2022-02-02,-18.2,-21.85,-25.5,76,71,66,-22.3,-25.5,-28.7,28,14.5,1,24100,13250,2400,0,0,0
2022-02-01,-16,-19.2,-22.4,79,71,63,-19.8,-22.9,-25.9,17,12,7,16100,9250,2400,2.2,0,2.2
2022-01-31,3.6,-6.25,-16.1,79,65,51,-3.7,-12.1,-20.4,64,35,6,16100,10050,4000,0.4,0,0.4
2022-01-30,10,4.05,-1.9,69,49,29,-5.7,-7.4,-9.1,34,18,2,64400,40250,16100,0,0,0
2022-01-29,8.5,2.8,-2.9,47,33.5,20,-9.2,-11.2,-13.3,31,17.5,4,64400,44250,24100,0,0,0
2022-01-28,12.1,5.2,-1.7,35,22.5,10,-13.6,-17.6,-21.5,31,16.5,2,64400,44250,24100,0,0,0
2022-01-27,9.1,-0.15,-9.4,67,40.5,14,-10.2,-15,-19.8,30,15.5,1,64400,44250,24100,0,0,0
2022-01-26,5.4,0.85,-3.7,59,44.5,30,-8.1,-10.2,-12.3,40,24,8,64400,40250,16100,0,0,0
2022-01-25,9.4,1.45,-6.5,82,51.5,21,-7.1,-9.8,-12.5,44,24,4,64400,40250,16100,0,0,0
2022-01-24,2.6,0.5,-1.6,89,74,59,-1.3,-4,-6.6,34,19.5,5,24100,14450,4800,0,0,0
2022-01-23,13.9,6.3,-1.3,66,42,18,-5,-8.8,-12.7,30,17,4,64400,40250,16100,0,0,0
2022-01-22,12.3,5.65,-1,72,50,28,-2.8,-5.8,-8.8,36,18.5,1,64400,40250,16100,0,0,0
2022-01-21,5,1.5,-2,72,59,46,-3.1,-5.5,-8,21,11,1,64400,44250,24100,0,0,0
2022-01-20,9.8,-1.64,-13.1,74,54,34,-3.7,-9.1,-14.4,41,23,5,64400,44250,24100,0.2,0.2,0
2022-01-19,-11.1,-15.95,-20.8,82,72.5,63,-15,-18.9,-22.9,20,13,6,24100,15250,6400,0,0,0
2022-01-18,-11.2,-14.65,-18.1,80,73,66,-16.5,-19,-21.5,51,27.5,4,16100,10450,4800,0.2,0,0.2
2022-01-17,11.4,0.15,-11.1,82,58,34,-2,-8.8,-15.6,58,32,6,64400,33000,1600,0,0,0
2022-01-16,7.7,1.14,-5.4,71,57.5,44,-3.5,-6.2,-8.9,25,12.5,0,64400,40250,16100,0,0,0
2022-01-15,9.7,4.19,-1.3,64,47.5,31,-4.8,-6.5,-8.2,32,17.5,3,64400,44250,24100,0,0,0
2022-01-14,8.3,3.3,-1.7,85,61,37,-2.2,-4,-5.8,41,21,1,64400,44250,24100,0,0,0
2022-01-13,10.1,4.05,-2,89,62.5,36,-0.6,-2.5,-4.5,38,20.5,3,64400,41050,17700,0,0,0
2022-01-12,9.8,4.8,-0.2,79,58.5,38,-1.7,-4,-6.2,35,19.5,4,64400,40250,16100,0,0,0
2022-01-11,9.3,1.95,-5.4,69,50.5,32,-4.4,-6.8,-9.2,42,22.5,3,64400,40250,16100,0,0,0
2022-01-10,9.1,1,-7.1,74,50.5,27,-7.2,-8.7,-10.2,40,21.5,3,64400,40250,16100,0,0,0
2022-01-09,3.4,-10.35,-24.1,78,62.5,47,-7.5,-17.5,-27.5,16,8.5,1,24100,16900,9700,0,0,0
2022-01-08,-14.4,-19.25,-24.1,76,66.5,57,-17.7,-23.1,-28.5,21,11.5,2,40200,28150,16100,0,0,0
2022-01-07,-22.3,-23.25,-24.2,78,72,66,-25.8,-26.8,-27.8,26,14.5,3,24100,15250,6400,0,0,0
2022-01-06,-23.4,-26.54,-29.7,77,75.5,74,-26.5,-29.4,-32.3,18,14.5,11,24100,15250,6400,0,0,0
2022-01-05,-24.1,-26.35,-28.6,76,70.5,65,-29.1,-30.5,-31.9,13,9,5,24100,15250,6400,0,0,0
2022-01-04,-24.4,-26.7,-29,76,68.5,61,-28.9,-30.3,-31.7,39,22.5,6,24100,12650,1200,2,0,2.3
2022-01-03,-14.7,-19.95,-25.2,84,80.5,77,-18.6,-23.5,-28.4,39,25.5,12,8100,4550,1000,0.4,0,0.6
2022-01-02,1.4,-6.7,-14.8,89,63,37,-10.3,-13.9,-17.5,41,23,5,64400,33200,2000,0.2,0,0.2
2022-01-01,-0.3,-12.8,-25.3,71,54.5,38,-12.1,-20.6,-29,35,20,5,64400,44250,24100,0,0,0
2021-12-31,-18.8,-23.6,-28.4,80,71.5,63,-23.8,-27.4,-31.1,14,7.5,1,64400,34600,4800,0,0,0
2021-12-30,-16.1,-19.75,-23.4,82,74.5,67,-19.6,-22.6,-25.6,27,14,1,32200,18500,4800,0.7,0,1.2
2021-12-29,-20.8,-23.7,-26.6,72,63.5,55,-23.5,-27,-30.5,22,12,2,64400,37050,9700,0,0,0
2021-12-28,-15.2,-22.79,-30.4,78,73,68,-19,-25.6,-32.1,35,19.5,4,64400,33000,1600,0.5,0,0.6
2021-12-27,-28,-30.45,-32.9,75,74,73,-31.5,-33.5,-35.4,25,14,3,16100,9450,2800,0,0,0
2021-12-26,-26.9,-28.6,-30.3,75,69.5,64,-31.2,-32.6,-34,18,11,4,24100,12650,1200,1,0,1.2
2021-12-25,-23,-25.45,-27.9,77,69.5,62,-26.4,-29.2,-32.1,21,12.5,4,32200,19300,6400,0.3,0,1
2021-12-24,-16.8,-21,-25.2,78,71.5,65,-20.4,-23.6,-26.8,21,11,1,32200,17700,3200,0.2,0,0.5
2021-12-23,1,-8.25,-17.5,91,73.5,56,-6.5,-13.7,-20.8,37,20,3,24100,12250,400,6.5,0,6.7
2021-12-22,4.5,-3.2,-10.9,83,59.5,36,-7.4,-9.9,-12.4,18,10,2,64400,40250,16100,0,0,0
2021-12-21,0.9,-8.5,-17.9,74,58.5,43,-7,-14.4,-21.9,14,7.5,1,64400,40250,16100,0,0,0
2021-12-20,-12.3,-17.5,-22.7,82,71,60,-18,-21.8,-25.6,14,7.5,1,64400,40250,16100,0,0,0
2021-12-19,-10.1,-11.75,-13.4,81,66.5,52,-14.1,-16.8,-19.5,35,19.5,4,24100,16100,8100,0,0,0
2021-12-18,-0.5,-9.19,-17.9,79,62.5,46,-8.7,-14.5,-20.3,29,15,1,64400,44250,24100,0,0,0
2021-12-17,-15.6,-20.1,-24.6,77,67,57,-20,-23.9,-27.8,14,8.5,3,64400,41850,19300,0,0,0
2021-12-16,-14.8,-17.64,-20.5,82,75.5,69,-18.8,-22.4,-25.9,48,28,8,24100,12550,1000,2.8,0,3.2
2021-12-15,-15.4,-18.8,-22.2,82,74,66,-20,-22.6,-25.1,15,8,1,64400,39450,14500,0,0,0
2021-12-14,-12.1,-15.95,-19.8,80,74.5,69,-16.9,-20.1,-23.4,31,17,3,24100,13050,2000,1.4,0,1.4
2021-12-13,-3.1,-10.05,-17,85,68.5,52,-11.2,-14.6,-18,33,17,1,64400,35400,6400,0,0,0
2021-12-12,-0.1,-4.95,-9.8,93,67,41,-5.7,-10.7,-15.6,22,11.5,1,64400,36250,8100,0.2,0,0.2
2021-12-11,3.6,-1.45,-6.5,93,63.5,34,-3.7,-8.2,-12.8,45,24,3,40200,21100,2000,2.6,0,3
2021-12-10,-0.2,-5.5,-10.8,46,38,30,-12.9,-15.4,-18,35,18.5,2,64400,44250,24100,0,0,0
2021-12-09,-0.7,-5.69,-10.7,58,44,30,-14.9,-16.2,-17.6,23,12,1,56300,40200,24100,0,0,0
2021-12-08,7.8,0.04,-7.7,88,63,38,-3.3,-9.8,-16.4,45,24,3,64400,32700,1000,1,0,1
2021-12-07,-0.3,-7.45,-14.6,86,61,36,-4.6,-10.8,-17,17,10.5,4,64400,37850,11300,0,0,0
2021-12-06,-7.7,-11.6,-15.5,87,78,69,-10.7,-14.2,-17.8,18,10.5,3,64400,33200,2000,1.2,0,1.2
2021-12-05,-8.8,-12.35,-15.9,84,72.5,61,-14,-16.4,-18.8,29,17.5,6,24100,14450,4800,0,0,0
2021-12-04,-2.5,-5.6,-8.7,86,69.5,53,-5.6,-10.9,-16.3,29,15,1,40200,22100,4000,0.3,0,0.3
2021-12-03,-1.4,-4.65,-7.9,93,76,59,-5.3,-8.9,-12.5,17,9.5,2,64400,34200,4000,0.2,0,0.4
2021-12-02,1.5,-1.1,-3.7,95,84.5,74,-1,-3.6,-6.2,28,17.5,7,32200,18500,4800,0.3,0,0.3
2021-12-01,13.3,6.45,-0.4,96,66.5,37,1.6,-0.9,-3.4,34,18.5,3,48300,24950,1600,3.4,0.3,3.3
2021-11-30,9.9,4.45,-1,68,52,36,-2,-4,-6.1,21,11.5,2,64400,40250,16100,0,0,0
2021-11-29,10.1,4.7,-0.7,84,56,28,-0.3,-4.2,-8,26,14,2,64400,40250,16100,0,0,0
2021-11-28,14,5.05,-3.9,89,68.5,48,3.2,-1.2,-5.6,22,11.5,1,64400,44250,24100,0,0,0
2021-11-27,1.7,-0.8,-3.3,96,83,70,-1.8,-3,-4.3,30,15.5,1,24100,13050,2000,0.6,0,0.6
2021-11-26,10.8,4.3,-2.2,92,61,30,-1.6,-4.6,-7.6,35,18,1,64400,38650,12900,0,0,0
2021-11-25,13.4,6.45,-0.5,53,43.5,34,-2.5,-5.2,-7.9,39,21,3,64400,40250,16100,0,0,0
2021-11-24,3,-3.59,-10.2,93,67.5,42,-6.2,-8.6,-11,18,11,4,64400,34200,4000,0.6,0,0.6
2021-11-23,6.1,-1.15,-8.4,90,68.5,47,-3.7,-7,-10.3,33,18.5,4,48300,25150,2000,1.2,0,1.6
2021-11-22,14.7,7.5,0.3,59,37,15,-5,-8.4,-11.9,33,17,1,64400,40250,16100,0,0,0
2021-11-21,7.9,-1.09,-10.1,84,58.5,33,-6.5,-9.7,-12.9,36,19,2,64400,40250,16100,0,0,0
2021-11-20,6.5,-1.59,-9.7,80,54,28,-8.1,-10.2,-12.3,37,22,7,64400,36250,8100,0,0,0
2021-11-19,4.5,-2.15,-8.8,74,56,38,-8,-9.8,-11.7,13,7,1,64400,44250,24100,0,0,0
2021-11-18,3.8,-1.14,-6.1,67,41.5,16,-9.3,-14.9,-20.6,31,16,1,64400,40250,16100,0,0,0
2021-11-17,1.4,-5.2,-11.8,75,50,25,-10.1,-13.7,-17.2,16,9,2,64400,40250,16100,0,0,0
2021-11-16,5.2,-0.6,-6.4,75,66,57,-3,-7.2,-11.5,58,37,16,32200,20150,8100,0,0,0
2021-11-15,6.6,3.3,0,98,82.5,67,1.6,0,-1.6,33,18.5,4,24100,12050,0,1.5,0.5,1
2021-11-14,10.3,4.8,-0.7,86,65,44,0.3,-2.6,-5.5,26,14,2,64400,36250,8100,0,0,0
2021-11-13,8.8,3.45,-1.9,85,53,21,-1.9,-7.2,-12.6,39,20.5,2,64400,37850,11300,0,0,0
2021-11-12,15.7,5.9,-3.9,80,54,28,-0.3,-5.2,-10,25,14,3,64400,44250,24100,0,0,0
2021-11-11,4.4,-1,-6.4,59,42.5,26,-10.2,-12.3,-14.5,28,14.5,1,64400,44250,24100,0,0,0
2021-11-10,6.4,2.7,-1,45,34.5,24,-9.2,-11.6,-14,33,18.5,4,64400,40250,16100,0,0,0
2021-11-09,6.8,0.44,-5.9,81,55,29,-5.1,-8.8,-12.6,35,19,3,64400,37850,11300,0,0,0
2021-11-08,6.2,1.8,-2.6,63,42,21,-7.9,-11.3,-14.8,22,13,4,64400,40250,16100,0,0,0
2021-11-07,6.4,0.55,-5.3,69,46,23,-5,-9.4,-13.8,42,21.5,1,64400,44250,24100,0,0,0
2021-11-06,8.2,2.49,-3.2,57,40.5,24,-5,-8.4,-11.8,39,20,1,64400,44250,24100,0,0,0
2021-11-05,13.5,6.55,-0.4,48,34.5,21,-1.2,-5.1,-9,31,18,5,64400,43450,22500,0,0,0
2021-11-04,17.2,7.85,-1.5,86,60.5,35,3.7,0.4,-2.9,32,17,2,64400,44250,24100,0,0,0
2021-11-03,15,5.8,-3.4,84,57,30,0.9,-2.5,-5.8,36,19,2,64400,44250,24100,0,0,0
2021-11-02,14.4,3.2,-8,78,54.5,31,-1.9,-6.3,-10.7,18,9.5,1,64400,44250,24100,0,0,0
2021-11-01,-0.7,-5.85,-11,86,69,52,-8.1,-10.7,-13.3,27,18,9,64400,44250,24100,0,0,0
2021-10-31,1.9,-3.84,-9.6,84,62.5,41,-8.8,-10.2,-11.5,17,9,1,64400,44250,24100,0,0,0
2021-10-30,1.8,-2.1,-6,76,58,40,-4,-7.3,-10.7,22,12,2,64400,44250,24100,0,0,0
2021-10-29,3.9,1.14,-1.6,94,79.5,65,0.2,-1.2,-2.6,24,13,2,24100,12650,1200,2.5,0.1,3.6
2021-10-28,10.3,4.4,-1.5,77,57,37,-0.7,-4.5,-8.3,25,13,1,64400,44250,24100,0,0,0
2021-10-27,11.8,6,0.2,64,42.5,21,-3.4,-6.8,-10.1,45,25,5,64400,40250,16100,0,0,0
2021-10-26,13.3,6.25,-0.8,64,44,24,-3.6,-5.3,-7.1,24,12.5,1,64400,40250,16100,0,0,0
2021-10-25,13.5,7.95,2.4,86,55.5,25,1.5,-2.7,-6.9,26,15.5,5,64400,40250,16100,0,0,0
2021-10-24,10.4,3.75,-2.9,97,71.5,46,1.3,-0.7,-2.7,27,15,3,64400,37850,11300,0,0,0
2021-10-23,9.8,5.65,1.5,97,82.5,68,6.9,4.1,1.3,32,19,6,40200,22500,4800,22.2,21.8,0.4
2021-10-22,13.6,7,0.4,76,60.5,45,3.2,0.1,-3,24,14.5,5,64400,41850,19300,0,0,0
2021-10-21,16.1,9.35,2.6,70,49,28,-0.2,-1.6,-3.1,31,17,3,64400,44250,24100,0,0,0
2021-10-20,9.4,3.85,-1.7,89,71.5,54,0,-1.6,-3.1,28,14.5,1,56300,40200,24100,0,0,0
2021-10-19,9.8,5.7,1.6,83,68,53,1,0,-1,33,24.5,16,64400,36250,8100,0,0,0
2021-10-18,5.6,3.34,1.1,89,79,69,1.1,0.2,-0.8,22,15.5,9,24100,16100,8100,0,0,0
2021-10-17,22.7,11.85,1,72,44,16,0.3,-2.6,-5.5,30,15.5,1,64400,44250,24100,0,0,0
2021-10-16,19.1,12.45,5.8,55,42,29,1,-1.2,-3.3,24,14,4,64400,44250,24100,0,0,0
2021-10-15,14.9,6.1,-2.7,62,45,28,-2.7,-6,-9.4,30,16.5,3,64400,44250,24100,0,0,0
2021-10-14,10.9,3,-4.9,90,57,24,-0.3,-5.3,-10.3,28,15,2,64400,44250,24100,0,0,0
2021-10-13,5.1,-0.6,-6.3,89,71.5,54,0.7,-5.7,-12.1,26,14.5,3,64400,35400,6400,0,0,0
2021-10-12,10.2,1.94,-6.3,86,53,20,-6.3,-9.3,-12.4,30,16.5,3,64400,44250,24100,0,0,0
2021-10-11,6,0.95,-4.1,77,60,43,-3,-5.3,-7.6,20,11,2,64400,37850,11300,0.2,0,0.2
2021-10-10,13.9,7.4,0.9,91,65,39,0.5,-1.7,-3.9,45,24.5,4,24100,14050,4000,1,1,0
2021-10-09,17.6,7.75,-2.1,56,38.5,21,-2,-7.5,-12.9,27,15,3,64400,44250,24100,0,0,0
2021-10-08,12.5,4.84,-2.8,59,37,15,-7,-10.4,-13.9,18,10.5,3,64400,44250,24100,0,0,0
2021-10-07,13,5.45,-2.1,88,55.5,23,0.4,-4.2,-8.7,20,12.5,5,64400,37050,9700,0,0,0
2021-10-06,13.2,7.69,2.2,78,59.5,41,1.2,-0.3,-1.8,26,14,2,24100,14450,4800,0,0,0
2021-10-05,23.7,13.25,2.8,79,45.5,12,3,-2.4,-7.8,30,15.5,1,32200,24150,16100,0,0,0
2021-10-04,14.4,6.65,-1.1,78,58,38,0.6,-1.6,-3.9,17,9,1,64400,40250,16100,0,0,0
2021-10-03,20.3,12.25,4.2,72,43.5,15,0.8,-3.1,-7,37,20.5,4,64400,44250,24100,0,0,0
2021-10-02,18.6,9.4,0.2,68,45.5,23,-0.1,-3.5,-6.9,34,18,2,64400,40250,16100,0,0,0
2021-10-01,16.4,11.64,6.9,51,39.5,28,1.9,-1.7,-5.3,23,14,5,64400,44250,24100,0,0,0
2021-09-30,22.6,13.65,4.7,63,45,27,4.2,0.8,-2.5,25,14.5,4,64400,44250,24100,0,0,0
2021-09-29,16.4,9.54,2.7,64,43.5,23,-2.3,-3.9,-5.4,24,13.5,3,64400,44250,24100,0,0,0
2021-09-28,17.5,12.15,6.8,69,46.5,24,2.6,-0.9,-4.5,29,16,3,64400,40250,16100,0,0,0
2021-09-27,23.9,15.35,6.8,72,45,18,5.3,1.6,-2,31,16.5,2,24100,17700,11300,0,0,0
2021-09-26,25.9,16.95,8,82,51,20,7.7,4,0.4,32,17,2,64400,44250,24100,0,0,0
2021-09-25,21.9,15.55,9.2,70,52.5,35,8.7,6.5,4.2,21,11.5,2,64400,44250,24100,0,0,0
2021-09-24,25.8,14.25,2.7,74,51.5,29,5.9,2.6,-0.6,25,15,5,64400,44250,24100,0,0,0
2021-09-23,15.2,9.6,4,71,52.5,34,0.5,-0.6,-1.6,23,12,1,64400,44250,24100,0,0,0
2021-09-22,18.4,14.14,9.9,63,48.5,34,6,2.6,-0.8,25,13.5,2,64400,44250,24100,0,0,0
2021-09-21,23,14.2,5.4,59,39.5,20,3.6,0.4,-2.7,34,18,2,64400,44250,24100,0,0,0
2021-09-20,17.8,9.5,1.2,81,51.5,22,1.2,-1.9,-5.1,28,15.5,3,64400,44250,24100,0,0,0
2021-09-19,17.5,10.45,3.4,68,44.5,21,1.6,-2.1,-5.8,28,16,4,48300,32200,16100,0,0,0
2021-09-18,23.1,17.25,11.4,58,41.5,25,6.2,3.2,0.2,37,19.5,2,64400,40250,16100,0,0,0
2021-09-17,20.4,10.55,0.7,77,49,21,5,-0.3,-5.6,20,10.5,1,64400,44250,24100,0,0,0
2021-09-16,15.2,8.9,2.6,55,37.5,20,-3.3,-5.8,-8.2,27,17,7,64400,44250,24100,0,0,0
2021-09-15,14.9,9.5,4.1,88,60,32,4.7,-0.8,-6.4,43,22.5,2,32200,19300,6400,2.5,2.5,0
2021-09-14,20.2,12.6,5,78,52,26,2.5,0.8,-1,19,11,3,64400,44250,24100,0,0,0
2021-09-13,17.5,12.1,6.7,90,65.5,41,8.3,5.7,3,17,9.5,2,32200,20150,8100,1.8,1.8,0
2021-09-12,16.1,12.65,9.2,98,78.5,59,11.2,9.1,7,25,14,3,32200,16300,400,2.3,2.3,0
2021-09-11,15.1,12.55,10,96,84,72,10.5,9.8,9,20,13,6,32200,18500,4800,9.4,9.4,0
2021-09-10,21,14.4,7.8,90,66.5,43,8.6,7.5,6.3,25,14,3,48300,30600,12900,0.2,0.2,0
2021-09-09,27.4,18.1,8.8,82,50.5,19,8.4,4.8,1.3,23,13,3,56300,33000,9700,0,0,0
2021-09-08,22.2,15.85,9.5,71,55.5,40,9.2,6,2.7,27,13.5,0,56300,35400,14500,0,0,0
2021-09-07,23.8,14.85,5.9,69,47,25,4.5,2.6,0.7,18,10,2,64400,44250,24100,0,0,0
2021-09-06,23.1,16.2,9.3,63,40,17,6.1,1.6,-2.9,26,15.5,5,64400,40250,16100,0,0,0
2021-09-05,25.6,19.95,14.3,47,33.5,20,6.7,2.5,-1.6,33,17.5,2,24100,16900,9700,0,0,0
2021-09-04,24.9,15,5.1,78,49,20,5.6,2.5,-0.5,21,11,1,64400,44250,24100,0,0,0
2021-09-03,21,13.2,5.4,87,57,27,6.1,3.7,1.3,15,8.5,2,64400,44250,24100,0,0,0
2021-09-02,16.4,11.55,6.7,74,60.5,47,5.5,3.8,2,32,16.5,1,64400,44250,24100,0,0,0
2021-09-01,15.5,10.9,6.3,86,63.5,41,5.9,3.8,1.6,46,23.5,1,64400,40250,16100,0,0,0
2021-08-31,19,13.05,7.1,87,66.5,46,9.1,7,4.8,34,19,4,32200,28150,24100,1,1,0
2021-08-30,24.2,16.55,8.9,68,50,32,8.9,6.2,3.4,30,15.5,1,32200,28150,24100,0,0,0
2021-08-29,24.5,16.39,8.3,71,50,29,7,5,3.1,21,11,1,64400,44250,24100,0,0,0
2021-08-28,21.9,14.39,6.9,87,60,33,8.3,6,3.8,19,11,3,64400,44250,24100,0,0,0
2021-08-27,20.2,15.45,10.7,83,64,45,8.6,6.7,4.8,35,20,5,48300,29800,11300,2,2,0
2021-08-26,22.9,14.7,6.5,84,55,26,7.9,4.5,1.2,32,16.5,1,56300,33000,9700,1.6,1.6,0
2021-08-25,21,12.75,4.5,89,60.5,32,5.9,4.4,2.9,26,16,6,64400,44250,24100,0,0,0
2021-08-24,16.9,11.64,6.4,85,62.5,40,5.6,4.3,3,38,20.5,3,64400,37850,11300,0,0,0
2021-08-23,13.3,10,6.7,92,77,62,8.4,5.7,3,43,24.5,6,32200,20150,8100,6.6,6.6,0
2021-08-22,20.4,14.45,8.5,93,71.5,50,11.4,9.6,7.7,42,22.5,3,24100,15250,6400,16.8,16.8,0
2021-08-21,19,12.95,6.9,88,67,46,10.3,8.2,6.1,32,16.5,1,40200,28150,16100,0.6,,
2021-08-20,19,14.5,10,84,64.5,45,9.2,7.1,5,21,11.5,2,40200,31350,22500,0.8,0.8,0
2021-08-19,14.6,11.45,8.3,92,80,68,11.3,8.9,6.5,26,14,2,40200,26550,12900,1.4,1.4,0
2021-08-18,19.9,12.85,5.8,92,63.5,35,7.6,5.8,3.9,29,15,1,64400,40250,16100,0,0,0
2021-08-17,11.7,10.3,8.9,96,86.5,77,9.7,8,6.2,23,13.5,4,16100,10050,4000,30.7,30.7,0
2021-08-16,20.6,15.65,10.7,95,71,47,12.1,9.9,7.7,27,14,1,9700,6050,2400,14.1,14.1,0
2021-08-15,31.3,23.4,15.5,65,40,15,10.5,5.3,0.2,26,16,6,8100,5650,3200,0,0,0
2021-08-14,34.2,23.35,12.5,67,39.5,12,7.7,4,0.4,25,14.5,4,24100,13650,3200,0,0,0
2021-08-13,32.2,21.75,11.3,65,40.5,16,7.4,5.1,2.8,21,11,1,48300,36200,24100,0,0,0
2021-08-12,26,19.89,13.8,57,41,25,6.1,5.1,4.1,20,10.5,1,64400,44250,24100,0,0,0
2021-08-11,22.8,18.25,13.7,67,51,35,9.8,7.3,4.8,34,19.5,5,64400,44250,24100,0,0,0
2021-08-10,22.7,17.8,12.9,75,55.5,36,9.5,8.1,6.7,43,23,3,32200,21750,11300,0,0,0
2021-08-09,27.4,18.2,9,86,55,24,9.6,7.2,4.7,31,16,1,64400,40250,16100,0,0,0
2021-08-08,17,14.8,12.6,78,66.5,55,9.7,7.6,5.5,27,15,3,32200,21750,11300,0.4,0.4,0
2021-08-07,26.1,20,13.9,75,49.5,24,10.9,6,1.2,34,20.5,7,32200,21750,11300,0,0,0
2021-08-06,29.9,22.75,15.6,70,50,30,12.2,9.3,6.4,33,18,3,24100,15250,6400,0,0,0
2021-08-05,31.2,22.05,12.9,74,46,18,10.4,7.2,4.1,21,14,7,16100,14500,12900,0,0,0
2021-08-04,28.2,20.95,13.7,83,53,23,12.9,8.8,4.8,47,24,1,14500,10450,6400,0,0,0
2021-08-03,31.9,24.95,18,88,56,24,16.4,11.8,7.3,22,13,4,16100,10450,4800,0.6,0.6,0
2021-08-02,26.1,22.45,18.8,82,64,46,17.3,14.3,11.3,21,14,7,9700,8050,6400,0,0,0
2021-08-01,33.4,23.85,14.3,75,47,19,12.1,9.6,7,30,15.5,1,16100,12100,8100,0,0,0
2021-07-31,31.1,22.5,13.9,70,49.5,29,12,9.8,7.7,20,11,2,16100,14500,12900,0,0,0
2021-07-30,30.6,22.2,13.8,86,57,28,13.8,11.6,9.3,26,14.5,3,14500,11300,8100,0,0,0
2021-07-29,28.4,21.79,15.2,79,56.5,34,14.7,12.8,11,26,14,2,12900,9650,6400,0,0,0
2021-07-28,27.2,19.7,12.2,81,59.5,38,12.1,10.7,9.3,21,11,1,24100,18500,12900,0,0,0
2021-07-27,24.6,18.35,12.1,80,62,44,11.9,10.4,9,31,16,1,16100,12100,8100,0,0,0
2021-07-26,25.7,18.64,11.6,82,61,40,12,10.7,9.4,40,22.5,5,16100,12100,8100,0,0,0
2021-07-25,26.6,18.45,10.3,77,53.5,30,9.7,8.3,6.9,30,15.5,1,9700,8050,6400,0,0,0
2021-07-24,28.3,18.8,9.3,59,40.5,22,8.2,4.7,1.2,19,10.5,2,12900,9650,6400,0,0,0
2021-07-23,27.1,18.2,9.3,71,42,13,5.9,0.4,-5.2,32,16.5,1,22500,14450,6400,0,0,0
2021-07-22,25.5,17.85,10.2,88,50.5,13,10.8,2.4,-6,31,16,1,19300,13700,8100,0,0,0
2021-07-21,27.6,21.6,15.6,92,59,26,14.9,9.9,5,36,19.5,3,19300,12850,6400,0,0,0
2021-07-20,22.8,19.14,15.5,98,83,68,16.4,15.7,14.9,20,12,4,9700,5250,800,0.7,0.7,0
2021-07-19,24.7,18.39,12.1,97,77.5,58,16.6,14.2,11.7,25,13,1,9700,5150,600,0,0,0
2021-07-18,20.6,16.85,13.1,94,80.5,67,14.3,13,11.7,22,16.5,11,6400,3700,1000,0,0,0
2021-07-17,23.7,17.8,11.9,86,68.5,51,12.9,11.1,9.2,26,17.5,9,24100,16100,8100,0,0,0
2021-07-16,26.2,21.45,16.7,75,57.5,40,13,11.3,9.7,25,16,7,12900,9650,6400,0,0,0
2021-07-15,28.7,21.4,14.1,75,54.5,34,14.4,11.8,9.3,24,12.5,1,9700,8900,8100,0,0,0
2021-07-14,30.1,22.3,14.5,81,50.5,20,15.4,10.2,4.9,21,12,3,16100,12100,8100,0,0,0
2021-07-13,27.1,19.89,12.7,83,59.5,36,13.1,11.2,9.4,23,12.5,2,24100,16100,8100,0,0,0
2021-07-12,25.4,18.2,11,85,63,41,12.4,10.8,9.2,21,11,1,32200,20950,9700,0,0,0
2021-07-11,23,18.35,13.7,84,64,44,12.8,10.8,8.9,22,12.5,3,48300,27350,6400,5.1,5.1,0
2021-07-10,31.4,22.79,14.2,78,47.5,17,14.5,9,3.5,23,13.5,4,64400,44250,24100,0,0,0
2021-07-09,27.7,20.2,12.7,85,60,35,14,11.3,8.6,18,10,2,40200,32150,24100,0,0,0
2021-07-08,26.4,19.95,13.5,94,64.5,35,14.6,11.9,9.2,17,10,3,40200,24150,8100,11,11,0
2021-07-07,25.5,18.75,12,92,71,50,16,13.3,10.6,32,16.5,1,32200,18500,4800,6.8,6.8,0
2021-07-06,23.7,18.8,13.9,91,70.5,50,15.2,13.3,11.4,16,8.5,1,32200,20150,8100,0,0,0
2021-07-05,18.1,15.5,12.9,92,78.5,65,12.1,10.9,9.8,16,9.5,3,24100,15250,6400,1.2,1.2,0
2021-07-04,19.6,16.2,12.8,92,82,72,15.1,12.8,10.4,23,13.5,4,24100,15250,6400,12.5,12.5,0
2021-07-03,26.1,20.6,15.1,79,59.5,40,14.2,12.7,11.2,23,13,3,32200,21750,11300,0,0,0
2021-07-02,30.1,22.7,15.3,88,61,34,19.1,14.3,9.5,28,15,2,40200,21700,3200,24.6,24.6,0
2021-07-01,36.3,27.04,17.8,52,34,16,10.4,8.2,6.1,30,20,10,56300,40200,24100,0,0,0
2021-06-30,35.9,27.04,18.2,60,36.5,13,12.1,7.2,2.2,35,20.5,6,64400,44250,24100,0,0,0
2021-06-29,36.3,27.29,18.3,76,47,18,15,11.3,7.7,32,16.5,1,48300,32200,16100,0,0,0
2021-06-28,34.6,25.45,16.3,72,49.5,27,14.8,12.8,10.9,22,14.5,7,40200,32150,24100,0,0,0
2021-06-27,30,23,16,80,57,34,14.8,13.3,11.8,21,10.5,0,64400,44250,24100,0,,
2021-06-26,30.2,22.25,14.3,71,49,27,14.7,11.7,8.6,25,13.5,2,64400,44250,24100,0,0,0
2021-06-25,27.2,20.14,13.1,77,55.5,34,11.6,9.9,8.3,34,18.5,3,64400,44250,24100,0,0,0
2021-06-24,19.9,15.55,11.2,94,72,50,12,10.2,8.3,18,11,4,40200,23300,6400,14.4,14.4,0
2021-06-23,24.5,18.89,13.3,79,56,33,10.7,7.5,4.2,26,18.5,11,48300,36200,24100,0,0,0
2021-06-22,31.2,21.6,12,56,35.5,15,6.5,4.2,1.8,29,16,3,64400,44250,24100,0,0,0
2021-06-21,27.8,18.14,8.5,75,45.5,16,6.5,2.8,-1,21,12.5,4,64400,44250,24100,0,0,0
2021-06-20,22.3,16.25,10.2,83,58,33,8,5.5,3.1,28,16.5,5,64400,44250,24100,0,0,0
2021-06-19,16.9,13.75,10.6,88,66,44,10.4,7.3,4.3,21,12.5,4,32200,20150,8100,2.1,2.1,0
2021-06-18,24.7,15.7,6.7,74,48,22,5,2.4,-0.2,31,16.5,2,64400,44250,24100,0,0,0
2021-06-17,24,15.8,7.6,64,40.5,17,4.8,0.3,-4.2,34,19.5,5,64400,44250,24100,0,0,0
2021-06-16,20.9,16.04,11.2,69,43.5,18,7.7,1.6,-4.4,42,24.5,7,64400,36250,8100,0.2,0.2,0
2021-06-15,26.8,20.45,14.1,83,58.5,34,14.9,8.9,3,43,22,1,48300,29800,11300,0,0,0
2021-06-14,33,23.25,13.5,73,49.5,26,15.3,11.3,7.4,24,12.5,1,64400,40250,16100,0,0,0
2021-06-13,29.4,16.84,4.3,70,45.5,21,9.1,4.5,0,35,17.5,0,64400,44250,24100,0,0,0
2021-06-12,21.3,13.45,5.6,69,43,17,2.2,-1.6,-5.5,26,14.5,3,64400,44250,24100,0,0,0
2021-06-11,19.6,11.85,4.1,86,53.5,21,5,0.3,-4.4,26,13.5,1,64400,44250,24100,0,0,0
2021-06-10,13,10.4,7.8,95,75,55,9.2,6.2,3.3,27,15.5,4,40200,24150,8100,1.5,1.5,0
2021-06-09,15,10.35,5.7,94,80,66,9.8,7.3,4.8,22,13.5,5,32200,20150,8100,2.2,2.2,0
2021-06-08,15.1,9.4,3.7,86,67,48,6.2,3.7,1.2,27,15,3,64400,37850,11300,0,0,0
2021-06-07,13,8.85,4.7,87,64.5,42,4.2,1.6,-0.9,48,26,4,64400,37850,11300,0.7,0.7,0
2021-06-06,15.8,10.65,5.5,86,64.5,43,5.5,3.4,1.3,32,17.5,3,64400,36250,8100,3.2,3.2,0
2021-06-05,16.4,12.64,8.9,86,72.5,59,8.6,6.6,4.6,48,26.5,5,48300,31400,14500,5.6,5.6,0
2021-06-04,28.4,21,13.6,83,49,15,11,3.7,-3.6,34,18.5,3,64400,41050,17700,0.4,0.4,0
2021-06-03,32,21.55,11.1,61,37,13,9.9,5,0.1,28,14.5,1,64400,44250,24100,0,0,0
2021-06-02,30.8,21.05,11.3,67,41.5,16,8,5,1.9,19,10,1,64400,44250,24100,0,0,0
2021-06-01,27.1,19.5,11.9,65,45,25,6.7,4.8,2.9,22,12.5,3,64400,44250,24100,0,0,0
2021-05-31,24.6,17.14,9.7,47,36,25,4.4,1.4,-1.7,25,13.5,2,64400,44250,24100,0,0,0
2021-05-30,22.4,14.1,5.8,53,37.5,22,1.5,-0.8,-3.2,24,12.5,1,64400,44250,24100,0,0,0
2021-05-29,19.3,12.15,5,64,41.5,19,0.7,-2.5,-5.6,24,13.5,3,64400,44250,24100,0,0,0
2021-05-28,17.7,12,6.3,66,43,20,2.1,-1.9,-6,38,21.5,5,64400,43450,22500,3.7,3.2,0.5
2021-05-27,22.8,13.75,4.7,90,53,16,6.2,0.2,-5.8,43,25,7,64400,44250,24100,0,0,0
2021-05-26,19.4,12.05,4.7,98,70,42,8.7,6,3.4,34,24.5,15,40200,20200,200,0,0,0
2021-05-25,11.6,9.15,6.7,90,79,68,6.7,5.2,3.7,23,13,3,64400,36250,8100,1.6,1.6,0
2021-05-24,10.4,6.15,1.9,97,88.5,80,7.5,4.6,1.7,40,20.5,1,16100,9050,2000,7.6,7.6,0
2021-05-23,10.6,6.2,1.8,95,79,63,5,2.8,0.5,32,17.5,3,64400,34600,4800,9.1,9.1,0
2021-05-22,13.8,6.65,-0.5,78,55,32,0.9,-2.5,-5.8,31,16,1,64400,44250,24100,0,0,0
2021-05-21,11.3,5.7,0.1,75,53,31,-3.4,-5,-6.5,13,7.5,2,40200,32150,24100,0,0,0
2021-05-20,2.8,0.49,-1.8,94,76,58,-1.9,-3.7,-5.5,18,13.5,9,24100,13050,2000,1.4,0.2,1.2
2021-05-19,7.5,4.15,0.8,82,55.5,29,2,-4.3,-10.7,35,23.5,12,40200,25750,11300,0.7,0.7,0
2021-05-18,16.8,11.7,6.6,87,51.5,16,7.4,-3,-13.3,53,29,5,64400,36250,8100,0,0,0
2021-05-17,27.2,18.75,10.3,74,43.5,13,8.3,2.2,-3.8,41,22,3,64400,37850,11300,0,0,0
2021-05-16,25.1,17.6,10.1,52,36,20,3.6,0.9,-1.8,31,16,1,64400,40250,16100,0,0,0
2021-05-15,22.3,13,3.7,75,45.5,16,3.5,-0.6,-4.8,23,12.5,2,64400,44250,24100,0,0,0
2021-05-14,19.4,10.89,2.4,86,55,24,3.2,0.4,-2.3,15,8,1,64400,44250,24100,0,0,0
2021-05-13,16.8,11.65,6.5,65,50,35,3.4,1.1,-1.3,30,17,4,64400,43450,22500,0.3,0.3,0
2021-05-12,17.8,9,0.2,85,55,25,0.4,-1.7,-3.8,21,12,3,64400,44250,24100,0,0,0
2021-05-11,13.6,8.25,2.9,85,57.5,30,2.1,0.1,-1.9,35,17.5,0,64400,37850,11300,0,,
2021-05-10,13.6,5.3,-3,97,66,35,1.2,-1,-3.2,19,11,3,64400,34200,4000,0,0,0
2021-05-09,2.9,1.65,0.4,96,90.5,85,1,0.4,-0.1,29,15,1,16100,8850,1600,6.6,1,5.8
2021-05-08,5.8,3.15,0.5,96,86.5,77,2.2,1.1,0,46,31.5,17,24100,14050,4000,1.5,1.2,0.3
2021-05-07,16.5,11.15,5.8,75,52.5,30,5.6,1.6,-2.5,48,25.5,3,64400,44250,24100,0,0,0
2021-05-06,19.7,11.2,2.7,67,46,25,-0.1,-1.9,-3.7,45,25,5,64400,44250,24100,0,0,0
2021-05-05,14.3,8,1.7,85,55.5,26,0.7,-2.4,-5.5,17,11,5,64400,40250,16100,0,0,0
2021-05-04,12.5,7.45,2.4,90,69,48,3.4,1.6,-0.3,27,15.5,4,64400,36250,8100,1.9,1.9,0
2021-05-03,13.3,5.9,-1.5,91,60.5,30,2.2,-1.4,-4.9,30,15.5,1,64400,37850,11300,0.2,0.2,0
2021-05-02,10.8,5.9,1,91,68,45,2.2,0,-2.3,39,22,5,64400,36250,8100,0.2,0.2,0
2021-05-01,12.9,6.95,1,81,58,35,1.5,-1.9,-5.3,47,25.5,4,64400,37850,11300,0.2,0.2,0
2021-04-30,21.7,14.45,7.2,58,39,20,1.9,-1.5,-4.9,43,24,5,64400,44250,24100,0,0,0
2021-04-29,20.4,11.05,1.7,70,48.5,27,1.9,-0.4,-2.8,33,18,3,64400,44250,24100,0,0,0
2021-04-28,18.1,8.3,-1.5,64,42.5,21,-2.7,-5.1,-7.5,44,24.5,5,64400,44250,24100,0,0,0
2021-04-27,14.8,8.3,1.8,52,34.5,17,-3.8,-7.5,-11.2,31,21,11,72400,44250,16100,0,0,0
2021-04-26,14.5,5.6,-3.3,96,57,18,-0.6,-5.7,-10.8,26,15.5,5,64400,32800,1200,0,0,0
2021-04-25,3.8,1.45,-0.9,94,80.5,67,0.5,-0.8,-2.2,13,7.5,2,24100,12850,1600,1.4,0,1.4
2021-04-24,3.8,0.29,-3.2,90,69.5,49,-3.2,-4.8,-6.5,23,12,1,32200,18500,4800,0,0,0
2021-04-23,2.8,-1.05,-4.9,84,65,46,-5.7,-7.9,-10.1,14,9.5,5,32200,18100,4000,0.2,0,0.2
2021-04-22,8.8,2,-4.8,92,74,56,1.3,-4.6,-10.5,46,27.5,9,32200,17300,2400,1.1,0,1.1
2021-04-21,19.2,9,-1.2,61,37,13,-0.2,-5.6,-11,42,22.5,3,64400,44250,24100,0,0,0
2021-04-20,11.2,3.2,-4.8,77,51,25,-4.8,-6.9,-9,22,11.5,1,64400,44250,24100,0,0,0
2021-04-19,5.1,1.35,-2.4,77,58.5,40,-4.5,-6,-7.6,30,16.5,3,64400,37850,11300,0,0,0
2021-04-18,11.2,4.09,-3,95,67.5,40,-0.3,-3.5,-6.8,35,21,7,24100,12250,400,7.6,0.6,7.2
2021-04-17,20.4,10,-0.4,46,28,10,-4.2,-8.3,-12.5,29,15,1,64400,44250,24100,0,0,0
2021-04-16,18.1,7.65,-2.8,57,34,11,-6.4,-10.3,-14.2,10,5.5,1,64400,42650,20900,0,0,0
2021-04-15,14.9,5.8,-3.3,63,40,17,-6.7,-8.9,-11.1,22,11.5,1,64400,44250,24100,0,0,0
2021-04-14,12.8,4.2,-4.4,56,36.5,17,-6.5,-9.9,-13.3,21,12.5,4,64400,44250,24100,0,0,0
2021-04-13,7.5,-1.04,-9.6,77,49,21,-7.9,-10.8,-13.8,20,10.5,1,64400,44250,24100,0,0,0
2021-04-12,4.6,-0.2,-5,84,59,34,-6,-8.7,-11.3,31,17.5,4,24100,17700,11300,0,0,0
2021-04-11,5.7,0.39,-4.9,64,45,26,-7,-10.3,-13.7,28,17.5,7,64400,36250,8100,0,0,0
2021-04-10,8,1.6,-4.8,69,43,17,-6.1,-11.2,-16.3,46,25,4,64400,44250,24100,0,0,0
2021-04-09,11.5,3.25,-5,74,47,20,-6,-9.1,-12.2,43,23.5,4,64400,44250,24100,0,0,0
2021-04-08,6.3,1.75,-2.8,90,60.5,31,0.2,-5.7,-11.6,45,23.5,2,48300,28200,8100,0.2,0.2,0
2021-04-07,17,8.1,-0.8,55,36.5,18,-4.4,-6.8,-9.3,32,18,4,64400,44250,24100,0,0,0
2021-04-06,15.4,7.5,-0.4,48,31,14,-7.4,-9.9,-12.5,23,13.5,4,64400,40250,16100,0,0,0
2021-04-05,13.2,3.95,-5.3,85,53.5,22,-4.3,-7,-9.6,18,11,4,64400,44250,24100,0,0,0
2021-04-04,6.6,1.9,-2.8,93,70,47,0.7,-3.5,-7.7,37,19,1,64400,34600,4800,0.2,0.2,0
2021-04-03,15,6.8,-1.4,60,40.5,21,-5.8,-6.9,-8,25,13.5,2,64400,40250,16100,0,0,0
2021-04-02,11.9,4.8,-2.3,80,52,24,-3.4,-6.8,-10.2,31,17.5,4,64400,44250,24100,0,0,0
2021-04-01,16.7,7.94,-0.8,56,32,8,-5.2,-11.5,-17.8,50,26.5,3,56300,40200,24100,0,0,0
2021-03-31,12.1,3.95,-4.2,58,39.5,21,-9.1,-10.6,-12.1,40,22.5,5,64400,40250,16100,0,0,0
2021-03-30,4.5,-2.65,-9.8,66,45,24,-12.2,-14.6,-16.9,28,17.5,7,64400,37850,11300,0,0,0
2021-03-29,-1.8,-6.2,-10.6,85,63,41,-4.8,-10.7,-16.5,65,41.5,18,64400,33000,1600,0.8,0,0.8
2021-03-28,14.5,6.15,-2.2,90,57,24,-3,-4.9,-6.8,50,26,2,64400,33000,1600,1.4,0,1
2021-03-27,12.9,4.95,-3,90,58,26,-2.4,-4.7,-6.9,26,15.5,5,64400,36250,8100,0,0,0
2021-03-26,2.5,-1.29,-5.1,93,79,65,-2.2,-4,-5.9,20,11,2,32200,17300,2400,1.4,0,2.2
2021-03-25,-2,-3.9,-5.8,94,84.5,75,-3.1,-5.1,-7.1,28,16,4,16100,8650,1200,1.7,0,2.8
2021-03-24,9.1,3.65,-1.8,95,61,27,-0.5,-5.3,-10.1,40,24,8,64400,33000,1600,1.8,0,3.8
2021-03-23,5.4,0.15,-5.1,85,58,31,-5.2,-8,-10.7,26,13.5,1,64400,36250,8100,0,0,0
2021-03-22,6.8,2.25,-2.3,91,58.5,26,-2.3,-7.5,-12.6,32,23,14,64400,34200,4000,0,0,0
2021-03-21,7.6,2.15,-3.3,79,54,29,-5.5,-10.1,-14.6,39,21.5,4,64400,37850,11300,0,0,0
2021-03-20,10.6,4.09,-2.4,74,45,16,-4.7,-9.8,-14.8,45,24.5,4,64400,40250,16100,0,0,0
2021-03-19,14.7,8.4,2.1,56,34.5,13,-2.8,-8.2,-13.6,37,19,1,64400,44250,24100,0,0,0
2021-03-18,17,6.85,-3.3,62,40,18,-5.8,-7.6,-9.4,22,12.5,3,64400,44250,24100,0,0,0
2021-03-17,12.7,2.99,-6.7,76,49,22,-5.4,-7.5,-9.7,28,14.5,1,64400,44250,24100,0,0,0
2021-03-16,9.1,1.4,-6.3,77,52,27,-6.1,-7.9,-9.7,19,10,1,64400,44250,24100,0,0,0
2021-03-15,8.7,2.99,-2.7,63,43.5,24,-6.4,-8.9,-11.5,41,23,5,64400,44250,24100,0,0,0
2021-03-14,18.7,7.9,-2.9,73,44,15,-4.3,-8.7,-13,26,15.5,5,64400,44250,24100,0,0,0
2021-03-13,15.4,5.9,-3.6,74,51,28,-3.2,-5.2,-7.3,33,17.5,2,64400,44250,24100,0,0,0
